z_m,z_km,temperature_K,temperature_C,pressure_Pa,pressure_hPa,density_kg_m3
0.0,0.0,288.15,15.0,101325.0,1013.25,1.2250122659906946
100.0,0.1,287.5,14.350000000000023,100129.42585606562,1001.2942585606562,1.2132947704134638
200.0,0.2,286.84999999999997,13.699999999999989,98945.3004756533,989.453004756533,1.2016632133733713
300.0,0.3,286.2,13.050000000000011,97772.53979656594,977.7253979656593,1.1901171571748363
400.0,0.4,285.54999999999995,12.399999999999977,96611.06018522853,966.1106018522853,1.178656165366153
500.0,0.5,284.9,11.75,95460.77843546981,954.6077843546981,1.1672798027387787
600.0,0.6,284.25,11.100000000000023,94321.6117673029,943.216117673029,1.1559876353266074
700.0,0.7,283.59999999999997,10.449999999999989,93193.47782570719,931.9347782570719,1.1447792304052433
800.0,0.8,282.95,9.800000000000011,92076.29467941153,920.7629467941152,1.1336541564912797
900.0,0.9,282.29999999999995,9.149999999999977,90969.98081967696,909.6998081967696,1.122611983341567
1000.0,1.0,281.65,8.5,89874.45515908135,898.7445515908134,1.1116522819524908
1100.0,1.1,281.0,7.850000000000023,88789.63703030358,887.8963703030358,1.1007746245592336
1200.0,1.2,280.34999999999997,7.199999999999989,87715.44618490958,877.1544618490958,1.0899785846350531
1300.0,1.3,279.7,6.550000000000011,86651.80279213851,866.518027921385,1.0792637368905473
1400.0,1.4,279.04999999999995,5.899999999999977,85598.62743768915,855.9862743768915,1.068629657272916
1500.0,1.5,278.4,5.25,84555.84112250838,845.5584112250839,1.0580759229652357
1600.0,1.6,277.75,4.600000000000023,83523.36526157896,835.2336526157897,1.0476021123857178
1700.0,1.7,277.09999999999997,3.9499999999999886,82501.12168270868,825.0112168270867,1.0372078051869702
1800.0,1.8,276.45,3.3000000000000114,81489.03262532076,814.8903262532076,1.0268925822552677
1900.0,1.9,275.79999999999995,2.6499999999999773,80487.0207392435,804.870207392435,1.0166560257098005
2000.0,2.0,275.15,2.0,79495.00908350243,794.9500908350243,1.0064977189019437
2100.0,2.1,274.5,1.3500000000000227,78512.92112511175,785.1292112511176,0.9964172464145098
2200.0,2.2,273.84999999999997,0.6999999999999886,77540.68073786712,775.4068073786713,0.9864141940610046
2300.0,2.3,273.2,0.05000000000001137,76578.21220113957,765.7821220113957,0.9764881488848874
2400.0,2.4,272.54999999999995,-0.6000000000000227,75625.44019866908,756.2544019866908,0.9666386991588194
2500.0,2.5,271.9,-1.25,74682.28981736007,746.8228981736007,0.9568654343839215
2600.0,2.6,271.25,-1.8999999999999773,73748.68654607654,737.4868654607654,0.9471679452890195
2700.0,2.7,270.59999999999997,-2.5500000000000114,72824.55627443884,728.2455627443884,0.9375458238298996
2800.0,2.8,269.95,-3.1999999999999886,71909.82529162081,719.0982529162081,0.9279986631885556
2900.0,2.9,269.29999999999995,-3.8500000000000227,71004.42028514727,710.0442028514726,0.9185260577724332
3000.0,3.0,268.65,-4.5,70108.26833969312,701.0826833969312,0.9091276032136805
3100.0,3.1,268.0,-5.149999999999977,69221.29693588243,692.2129693588244,0.8998028963683901
3200.0,3.2,267.34999999999997,-5.800000000000011,68343.4339490883,683.434339490883,0.89055153531584
3300.0,3.3,266.7,-6.449999999999989,67474.60764823433,674.7460764823434,0.8813731193577419
3400.0,3.4,266.04999999999995,-7.100000000000023,66614.74669459555,666.1474669459556,0.8722672490174753
3500.0,3.5,265.4,-7.75,65763.78014060124,657.6378014060124,0.863233526039332
3600.0,3.6,264.75,-8.399999999999977,64921.63742863751,649.2163742863751,0.8542715533877471
3700.0,3.7,264.09999999999997,-9.050000000000011,64088.24838985153,640.8824838985153,0.8453809352465423
3800.0,3.8,263.45,-9.699999999999989,63263.543242956046,632.6354324295604,0.8365612770181586
3900.0,3.9,262.79999999999995,-10.350000000000023,62447.45259303433,624.4745259303432,0.8278121853228856
4000.0,4.0,262.15,-11.0,61639.90743034693,616.3990743034693,0.8191332679981026
4100.0,4.1,261.5,-11.649999999999977,60840.83912913772,608.4083912913771,0.8105241340974997
4200.0,4.2,260.84999999999997,-12.300000000000011,60050.17944644189,600.5017944644189,0.8019843938903115
4300.0,4.3,260.2,-12.949999999999989,59267.86052089459,592.6786052089459,0.7935136588605496
4400.0,4.4,259.54999999999995,-13.600000000000023,58493.81487153923,584.9381487153923,0.7851115417062197
4500.0,4.5,258.9,-14.25,57727.975396638096,577.279753966381,0.7767776563385537
4600.0,4.6,258.25,-14.899999999999977,56970.27537248254,569.7027537248254,0.7685116178812315
4700.0,4.7,257.59999999999997,-15.550000000000011,56220.64845220436,562.2064845220436,0.7603130426696008
4800.0,4.8,256.95,-16.19999999999999,55479.02866458826,554.7902866458826,0.7521815482499018
4900.0,4.9,256.29999999999995,-16.850000000000023,54745.350412884356,547.4535041288435,0.7441167533784834
5000.0,5.0,255.64999999999998,-17.5,54019.548473622235,540.1954847362224,0.7361182780210237
5100.0,5.1,254.99999999999997,-18.150000000000006,53301.557995424904,533.015579954249,0.728185743351741
5200.0,5.2,254.34999999999997,-18.80000000000001,52591.314497824555,525.9131449782456,0.7203187717526166
5300.0,5.3,253.7,-19.44999999999999,51888.753870078166,518.8875387007816,0.7125169868126013
5400.0,5.4,253.04999999999998,-20.099999999999994,51193.812369984276,511.9381236998428,0.7047800133268295
5500.0,5.5,252.39999999999998,-20.75,50506.42662270077,505.0642662270077,0.6971074772958318
5600.0,5.6,251.74999999999997,-21.400000000000006,49826.53361956287,498.2653361956287,0.68949900592474
5700.0,5.7,251.09999999999997,-22.05000000000001,49154.07071690236,491.54070716902356,0.6819542276224968
5800.0,5.8,250.45,-22.69999999999999,48488.97563486755,484.8897563486755,0.6744727720010625
5900.0,5.9,249.79999999999998,-23.349999999999994,47831.18645624359,478.31186456243586,0.6670542698746155
6000.0,6.0,249.14999999999998,-24.0,47180.641625274184,471.8064162527418,0.6596983532587588
6100.0,6.1,248.49999999999997,-24.650000000000006,46537.27994648373,465.37279946483727,0.6524046553697204
6200.0,6.2,247.84999999999997,-25.30000000000001,45901.04058350017,459.01040583500173,0.645172810623551
6300.0,6.3,247.2,-25.94999999999999,45271.8630578789,452.71863057878903,0.6380024546353249
6400.0,6.4,246.54999999999998,-26.599999999999994,44649.68724792723,446.49687247927227,0.630893224218334
6500.0,6.5,245.89999999999998,-27.25,44034.45338752977,440.3445338752977,0.6238447573832844
6600.0,6.6,245.24999999999997,-27.900000000000006,43426.10206497457,434.2610206497457,0.6168566933374893
6700.0,6.7,244.59999999999997,-28.55000000000001,42824.57422178007,428.24574221780074,0.6099286724840612
6800.0,6.8,243.95,-29.19999999999999,42229.81115152277,422.29811151522773,0.6030603364211018
6900.0,6.9,243.29999999999998,-29.849999999999994,41641.754498665636,416.41754498665637,0.5962513279408888
7000.0,7.0,242.64999999999998,-30.5,41060.34625738773,410.6034625738773,0.5895012910290675
7100.0,7.1,241.99999999999997,-31.150000000000006,40485.52877041399,404.8552877041399,0.5828098708638314
7200.0,7.2,241.34999999999997,-31.80000000000001,39917.24472784631,399.1724472784631,0.5761767138151087
7300.0,7.3,240.7,-32.44999999999999,39355.43716599518,393.5543716599518,0.5696014674437434
7400.0,7.4,240.04999999999998,-33.099999999999994,38800.04946621225,388.0004946621225,0.5630837805006766
7500.0,7.5,239.39999999999998,-33.75,38251.02535372359,382.51025353723594,0.5566233029261244
7600.0,7.6,238.74999999999997,-34.400000000000006,37708.308896463925,377.0830889646393,0.5502196858487565
7700.0,7.7,238.09999999999997,-35.05000000000001,37171.84450391138,371.7184450391138,0.54387258158487
7800.0,7.8,237.45,-35.69999999999999,36641.57692592338,366.4157692592338,0.5375816436375644
7900.0,7.9,236.79999999999998,-36.349999999999994,36117.45125157313,361.17451251573135,0.5313465266959143
8000.0,8.0,236.14999999999998,-37.0,35599.412907986996,355.99412907986994,0.5251668866341385
8100.0,8.1,235.49999999999997,-37.650000000000006,35087.40765918266,350.8740765918266,0.5190423805107696
8200.0,8.2,234.84999999999997,-38.30000000000001,34581.381604908136,345.81381604908137,0.5129726665678214
8300.0,8.3,234.2,-38.94999999999999,34081.28117948165,340.8128117948165,0.506957404229955
8400.0,8.4,233.54999999999998,-39.599999999999994,33587.05315063205,335.8705315063205,0.5009962541036398
8500.0,8.5,232.89999999999998,-40.25,33098.644618340484,330.98644618340484,0.4950888779763182
8600.0,8.6,232.24999999999997,-40.900000000000006,32616.003013682646,326.16003013682644,0.4892349388155659
8700.0,8.7,231.59999999999997,-41.55000000000001,32139.076097671732,321.39076097671733,0.4834341007682481
8800.0,8.8,230.95,-42.19999999999999,31667.81196010248,316.67811960102483,0.47768602915967845
8900.0,8.9,230.29999999999998,-42.849999999999994,31202.159018395898,312.021590183959,0.4719903904927731
9000.0,9.0,229.64999999999998,-43.5,30742.066016444835,307.42066016444835,0.4663468524472039
9100.0,9.1,228.99999999999997,-44.150000000000006,30287.482023460383,302.8748202346038,0.4607550838785505
9200.0,9.2,228.34999999999997,-44.80000000000001,29838.356432819204,298.38356432819205,0.4552147548174501
9300.0,9.3,227.7,-45.44999999999999,29394.638960911496,293.94638960911493,0.4497255364687444
9400.0,9.4,227.04999999999998,-46.099999999999994,28956.2796459899,289.562796459899,0.4442871012106254
9500.0,9.5,226.39999999999998,-46.75,28523.228847019436,285.23228847019436,0.43889912259378233
9600.0,9.6,225.74999999999997,-47.400000000000006,28095.437242527903,280.954372425279,0.43356127534054123
9700.0,9.7,225.09999999999997,-48.05000000000001,27672.855829457378,276.72855829457376,0.42827323534400635
9800.0,9.8,224.45,-48.69999999999999,27255.435922016582,272.55435922016585,0.4230346796672007
9900.0,9.9,223.79999999999998,-49.349999999999994,26843.129150533838,268.4312915053384,0.4178452865422
10000.0,10.0,223.14999999999998,-50.0,26435.887460311165,264.35887460311164,0.4127047353692698
10100.0,10.1,222.5,-50.64999999999998,26033.66311047916,260.3366311047916,0.4076127067159996
10200.0,10.2,221.84999999999997,-51.30000000000001,25636.408672852427,256.3640867285243,0.40256888231643057
10300.0,10.3,221.2,-51.94999999999999,25244.07703078641,252.4407703078641,0.3975729450701895
10400.0,10.4,220.54999999999998,-52.599999999999994,24856.621378034542,248.56621378034544,0.392624579041613
10500.0,10.5,219.89999999999998,-53.25,24473.99521760658,244.73995217606583,0.38772346945887476
10600.0,10.6,219.25,-53.89999999999998,24096.152360627697,240.96152360627696,0.382869302713109
10700.0,10.7,218.59999999999997,-54.55000000000001,23723.04692519839,237.2304692519839,0.37806176635753186
10800.0,10.8,217.95,-55.19999999999999,23354.63333525542,233.5463333525542,0.37330054910656285
10900.0,10.9,217.29999999999998,-55.849999999999994,22990.866319433273,229.90866319433272,0.36858534083493977
11000.0,11.0,216.64999999999998,-56.5,22631.70090992698,226.31700909926982,0.36391583257683874
11100.0,11.1,216.64999999999998,-56.5,22277.62047609538,222.77620476095382,0.3582222492094271
11200.0,11.2,216.64999999999998,-56.5,21929.079747570122,219.29079747570123,0.352617743833847
11300.0,11.3,216.64999999999998,-56.5,21585.99205383246,215.8599205383246,0.3471009227955023
11400.0,11.4,216.64999999999998,-56.5,21248.272080352515,212.48272080352515,0.3416704142439832
11500.0,11.5,216.64999999999998,-56.5,20915.835847374416,209.15835847374416,0.33632486779193244
11600.0,11.6,216.64999999999998,-56.5,20588.600689033294,205.88600689033294,0.3310629541792491
11700.0,11.7,216.64999999999998,-56.5,20266.48523279903,202.6648523279903,0.32588336494254516
11800.0,11.8,216.64999999999998,-56.5,19949.409379241613,199.49409379241612,0.3207848120897746
11900.0,11.9,216.64999999999998,-56.5,19637.294282113064,196.37294282113064,0.3157660277799521
12000.0,12.0,216.64999999999998,-56.5,19330.062328740987,193.30062328740988,0.3108257640078833
12100.0,12.1,216.64999999999998,-56.5,19027.63712072888,190.2763712072888,0.30596279229382733
12200.0,12.2,216.64999999999998,-56.5,18729.943454958368,187.29943454958368,0.30117590337801425
12300.0,12.3,216.64999999999998,-56.5,18436.907304888708,184.3690730488871,0.2964639069199426
12400.0,12.4,216.64999999999998,-56.5,18148.455802148823,181.48455802148823,0.2918256312023813
12500.0,12.5,216.64999999999998,-56.5,17864.517218417368,178.64517218417367,0.287259922840002
12600.0,12.6,216.64999999999998,-56.5,17585.020947586272,175.85020947586273,0.2827656464925709
12700.0,12.7,216.64999999999998,-56.5,17309.89748820333,173.0989748820333,0.2783416845826268
12800.0,12.8,216.64999999999998,-56.5,17039.078426189517,170.39078426189516,0.2739869370175772
12900.0,12.9,216.64999999999998,-56.5,16772.496417826656,167.72496417826656,0.26970032091614127
13000.0,13.0,216.64999999999998,-56.5,16510.085173011288,165.10085173011288,0.2654807703390734
13100.0,13.1,216.64999999999998,-56.5,16251.779438770502,162.517794387705,0.2613272360240995
13200.0,13.2,216.64999999999998,-56.5,15997.5149830357,159.975149830357,0.25723868512500025
13300.0,13.3,216.64999999999998,-56.5,15747.228578670209,157.4722857867021,0.2532141009547765
13400.0,13.4,216.64999999999998,-56.5,15500.857987746782,155.0085798774678,0.2492524827328328
13500.0,13.5,216.64999999999998,-56.5,15258.341946071097,152.58341946071099,0.24535284533611665
13600.0,13.6,216.64999999999998,-56.5,15019.62014794739,150.1962014794739,0.2415142190541511
13700.0,13.7,216.64999999999998,-56.5,14784.6332311824,147.846332311824,0.2377356493478996
13800.0,13.8,216.64999999999998,-56.5,14553.322762324005,145.53322762324007,0.23401619661240416
13900.0,13.9,216.64999999999998,-56.5,14325.631222130723,143.25631222130724,0.2303549359431367
14000.0,14.0,216.64999999999998,-56.5,14101.501991268597,141.01501991268597,0.22675095690600558
14100.0,14.1,216.64999999999998,-56.5,13880.879336231852,138.8087933623185,0.22320336331096155
14200.0,14.2,216.64999999999998,-56.5,13663.708395483814,136.63708395483815,0.21971127298914434
14300.0,14.3,216.64999999999998,-56.5,13449.935165814657,134.49935165814657,0.2162738175735168
14400.0,14.4,216.64999999999998,-56.5,13239.506488912619,132.3950648891262,0.21289014228293102
14500.0,14.5,216.64999999999998,-56.5,13032.370038145269,130.32370038145268,0.2095594057095722
14600.0,14.6,216.64999999999998,-56.5,12828.474305547623,128.28474305547624,0.2062807796097288
14700.0,14.7,216.64999999999998,-56.5,12627.768589013807,126.27768589013807,0.20305344869783534
14800.0,14.8,216.64999999999998,-56.5,12430.20297968915,124.30202979689149,0.19987661044373853
14900.0,14.9,216.64999999999998,-56.5,12235.728349559486,122.35728349559486,0.1967494748731343
15000.0,15.0,216.64999999999998,-56.5,12044.296339234654,120.44296339234654,0.19367126437112725
15100.0,15.1,216.64999999999998,-56.5,11855.85934592312,118.55859345923119,0.19064121348886398
15200.0,15.2,216.64999999999998,-56.5,11670.370511594736,116.70370511594736,0.1876585687531909
15300.0,15.3,216.64999999999998,-56.5,11487.783711328722,114.87783711328723,0.18472258847929104
15400.0,15.4,216.64999999999998,-56.5,11308.053541843907,113.08053541843907,0.1818325425862511
15500.0,15.5,216.64999999999998,-56.5,11131.135310208438,111.31135310208438,0.17898771241551464
15600.0,15.6,216.64999999999998,-56.5,10956.985022726152,109.56985022726153,0.17618739055217592
15700.0,15.7,216.64999999999998,-56.5,10785.559373996784,107.85559373996784,0.17343088064906875
15800.0,15.8,216.64999999999998,-56.5,10616.815736147357,106.16815736147356,0.1707174972536085
15900.0,15.9,216.64999999999998,-56.5,10450.71214823204,104.5071214823204,0.16804656563734238
16000.0,16.0,216.64999999999998,-56.5,10287.207305797854,102.87207305797854,0.16541742162816708
16100.0,16.1,216.64999999999998,-56.5,10126.260550613633,101.26260550613634,0.16282941144517127
16200.0,16.2,216.64999999999998,-56.5,9967.831860559658,99.67831860559657,0.1602818915360618
16300.0,16.3,216.64999999999998,-56.5,9811.881839675485,98.11881839675485,0.1577742284171335
16400.0,16.4,216.64999999999998,-56.5,9658.371708363487,96.58371708363488,0.15530579851574325
16500.0,16.5,216.64999999999998,-56.5,9507.263293745647,95.07263293745648,0.1528759880152476
16600.0,16.6,216.64999999999998,-56.5,9358.519020171221,93.58519020171221,0.1504841927023672
16700.0,16.7,216.64999999999998,-56.5,9212.101899872941,92.12101899872941,0.14812981781693912
16800.0,16.8,216.64999999999998,-56.5,9067.975523769357,90.67975523769357,0.14581227790401935
16900.0,16.9,216.64999999999998,-56.5,8926.104052411134,89.26104052411134,0.14353099666830002
17000.0,17.0,216.64999999999998,-56.5,8786.452207068945,87.86452207068946,0.14128540683080343
17100.0,17.1,216.64999999999998,-56.5,8648.985260960844,86.48985260960845,0.139074949987819
17200.0,17.2,216.64999999999998,-56.5,8513.669030616846,85.13669030616846,0.13689907647204644
17300.0,17.3,216.64999999999998,-56.5,8380.469867378644,83.80469867378645,0.13475724521591198
17400.0,17.4,216.64999999999998,-56.5,8249.354649032306,82.49354649032306,0.13264892361702268
17500.0,17.5,216.64999999999998,-56.5,8120.290771571867,81.20290771571867,0.13057358740572586
17600.0,17.6,216.64999999999998,-56.5,7993.246141091807,79.93246141091807,0.1285307205147407
17700.0,17.7,216.64999999999998,-56.5,7868.189165806351,78.68189165806352,0.12651981495082948
17800.0,17.8,216.64999999999998,-56.5,7745.088748193647,77.45088748193648,0.12454037066847622
17900.0,17.9,216.64999999999998,-56.5,7623.914277262839,76.2391427726284,0.12259189544554233
18000.0,18.0,216.64999999999998,-56.5,7504.635620942134,75.04635620942133,0.12067390476086709
18100.0,18.1,216.64999999999998,-56.5,7387.22311858595,73.8722311858595,0.11878592167378332
18200.0,18.2,216.64999999999998,-56.5,7271.647573599296,72.71647573599296,0.11692747670551798
18300.0,18.3,216.64999999999998,-56.5,7157.880246177555,71.57880246177555,0.11509810772244854
18400.0,18.4,216.64999999999998,-56.5,7045.892846159843,70.45892846159843,0.11329735982118562
18500.0,18.5,216.64999999999998,-56.5,6935.657525994182,69.35657525994182,0.1115247852154535
18600.0,18.6,216.64999999999998,-56.5,6827.146873812744,68.27146873812744,0.10977994312474071
18700.0,18.7,216.64999999999998,-56.5,6720.333906615419,67.2033390661542,0.10806239966469229
18800.0,18.8,216.64999999999998,-56.5,6615.192063560049,66.15192063560049,0.10637172773921738
18900.0,18.9,216.64999999999998,-56.5,6511.695199357621,65.11695199357621,0.10470750693428452
19000.0,19.0,216.64999999999998,-56.5,6409.8175777707975,64.09817577770798,0.10306932341337845
19100.0,19.1,216.64999999999998,-56.5,6309.533865214177,63.09533865214177,0.10145676981459299
19200.0,19.2,216.64999999999998,-56.5,6210.819124454665,62.10819124454665,0.09986944514933342
19300.0,19.3,216.64999999999998,-56.5,6113.648808410417,61.136488084104165,0.09830695470260406
19400.0,19.4,216.64999999999998,-56.5,6017.998754046782,60.17998754046782,0.09676890993485557
19500.0,19.5,216.64999999999998,-56.5,5923.845176367773,59.23845176367773,0.09525492838536825
19600.0,19.6,216.64999999999998,-56.5,5831.164662501513,58.31164662501513,0.09376463357714661
19700.0,19.7,216.64999999999998,-56.5,5739.934165878238,57.399341658782376,0.09229765492330204
19800.0,19.8,216.64999999999998,-56.5,5650.131000499382,56.50131000499382,0.09085362763490026
19900.0,19.9,216.64999999999998,-56.5,5561.73283529631,55.617328352963106,0.0894321926302502
20000.0,20.0,216.64999999999998,-56.5,5474.717688577339,54.747176885773385,0.08803299644561255
20100.0,20.1,216.74999999999997,-56.400000000000006,5389.083528889133,53.89083528889133,0.0866160267123147
20200.0,20.2,216.84999999999997,-56.30000000000001,5304.827413001891,53.04827413001891,0.08522250223578816
20300.0,20.3,216.95,-56.19999999999999,5221.926544929343,52.21926544929343,0.08385202454511653
20400.0,20.4,217.04999999999998,-56.099999999999994,5140.358516032959,51.40358516032959,0.08250420212076319
20500.0,20.5,217.14999999999998,-56.0,5060.101298266145,50.60101298266145,0.08117865027018266
20600.0,20.6,217.24999999999997,-55.900000000000006,4981.13323753931,49.81133237539311,0.07987499100571382
20700.0,20.7,217.34999999999997,-55.80000000000001,4903.433047203585,49.034330472035855,0.07859285292471202
20800.0,20.8,217.45,-55.69999999999999,4826.9798016509585,48.26979801650958,0.07733187109187682
20900.0,20.9,217.54999999999998,-55.599999999999994,4751.752930028944,47.517529300289446,0.07609168692373865
21000.0,21.0,217.64999999999998,-55.5,4677.732210067121,46.777322100671206,0.07487194807525416
21100.0,21.1,217.74999999999997,-55.400000000000006,4604.89776201422,46.048977620142196,0.07367230832848291
21200.0,21.2,217.84999999999997,-55.30000000000001,4533.230042683248,45.33230042683248,0.07249242748329832
21300.0,21.3,217.95,-55.19999999999999,4462.709839602624,44.62709839602624,0.07133197125009375
21400.0,21.4,218.04999999999998,-55.099999999999994,4393.318265272083,43.93318265272083,0.07019061114445799
21500.0,21.5,218.14999999999998,-55.0,4325.036751520248,43.25036751520248,0.06906802438376372
21600.0,21.6,218.24999999999997,-54.900000000000006,4257.847043963187,42.57847043963187,0.06796389378565246
21700.0,21.7,218.34999999999997,-54.80000000000001,4191.731196561409,41.91731196561409,0.06687790766836864
21800.0,21.8,218.45,-54.69999999999999,4126.671566273745,41.266715662737454,0.065809759752913
21900.0,21.9,218.54999999999998,-54.599999999999994,4062.6508078062957,40.626508078062955,0.06475914906697958
22000.0,22.0,218.64999999999998,-54.5,3999.651868454733,39.99651868454733,0.06372577985064377
22100.0,22.1,218.74999999999997,-54.400000000000006,3937.6579830382393,39.37657983038239,0.06270936146376872
22200.0,22.2,218.84999999999997,-54.30000000000001,3876.6526689234215,38.76652668923421,0.0617096082950974
22300.0,22.3,218.95,-54.19999999999999,3816.6197211365356,38.16619721136536,0.06072623967299927
22400.0,22.4,219.04999999999998,-54.099999999999994,3757.5432075625795,37.5754320756258,0.05975897977784276
22500.0,22.5,219.14999999999998,-54.0,3699.407464229252,36.994074642292524,0.05880755755595674
22600.0,22.6,219.24999999999997,-53.900000000000006,3642.1970906748297,36.4219709067483,0.05787170663516092
22700.0,22.7,219.34999999999997,-53.80000000000001,3585.8969453978452,35.85896945397845,0.05695116524182639
22800.0,22.8,219.45,-53.69999999999999,3530.4921413876364,35.304921413876365,0.056045676119446795
22900.0,22.9,219.54999999999998,-53.599999999999994,3475.968041733884,34.75968041733884,0.05515498644868532
23000.0,23.0,219.64999999999998,-53.5,3422.310255313712,34.22310255313712,0.05427884776887035
23100.0,23.1,219.74999999999997,-53.400000000000006,3369.5046325553108,33.69504632555311,0.05341701590091844
23200.0,23.2,219.84999999999997,-53.30000000000001,3317.537261276331,33.17537261276331,0.052569250871652665
23300.0,23.3,219.95,-53.19999999999999,3266.394462595845,32.66394462595845,0.05173531683949239
23400.0,23.4,220.04999999999998,-53.099999999999994,3216.062786918523,32.160627869185234,0.05091498202148913
23500.0,23.5,220.14999999999998,-53.0,3166.529009989708,31.665290099897078,0.05010801862168303
23600.0,23.6,220.24999999999997,-52.900000000000006,3117.780129020112,31.177801290201117,0.04931420276075586
23700.0,23.7,220.34999999999997,-52.80000000000001,3069.803358878881,30.698033588788814,0.04853331440695635
23800.0,23.8,220.45,-52.69999999999999,3022.5861283537542,30.225861283537544,0.047765137308273836
23900.0,23.9,220.54999999999998,-52.599999999999994,2976.116076477269,29.76116076477269,0.047009458925839735
24000.0,24.0,220.64999999999998,-52.5,2930.381048917357,29.30381048917357,0.04626607036852657
24100.0,24.1,220.74999999999997,-52.400000000000006,2885.3690944319364,28.853690944319364,0.045534766328734926
24200.0,24.2,220.84999999999997,-52.30000000000001,2841.068461385573,28.41068461385573,0.044815345019333715
24300.0,24.3,220.95,-52.19999999999999,2797.4675943275365,27.974675943275365,0.04410760811173988
24400.0,24.4,221.04999999999998,-52.099999999999994,2754.5551306301104,27.545551306301103,0.04341136067511566
24500.0,24.5,221.14999999999998,-52.0,2712.3198971857823,27.123198971857825,0.04272641111665833
24600.0,24.6,221.24999999999997,-51.900000000000006,2670.750907162671,26.70750907162671,0.04205257112296893
24700.0,24.7,221.34999999999997,-51.80000000000001,2629.8373568168254,26.298373568168255,0.041389655602474915
24800.0,24.8,221.45,-51.69999999999999,2589.5686223605003,25.895686223605004,0.040737482628889446
24900.0,24.9,221.54999999999998,-51.599999999999994,2549.9342568853785,25.499342568853784,0.040095873385687764
25000.0,25.0,221.64999999999998,-51.5,2510.923987339753,25.109239873397527,0.03946465211158199
25100.0,25.1,221.74999999999997,-51.400000000000006,2472.527711558697,24.72527711558697,0.03884364604697589
25200.0,25.2,221.84999999999997,-51.30000000000001,2434.73549534627,24.3473549534627,0.038232685381381575
25300.0,25.3,221.95,-51.19999999999999,2397.5375696088295,23.975375696088296,0.03763160320178051
25400.0,25.4,222.04999999999998,-51.099999999999994,2360.9243275385234,23.609243275385232,0.037040235441911325
25500.0,25.5,222.14999999999998,-51.0,2324.886321846069,23.24886321846069,0.03645842083246751
25600.0,25.6,222.24999999999997,-50.900000000000006,2289.414262041931,22.894142620419313,0.03588600085218817
25700.0,25.7,222.34999999999997,-50.80000000000001,2254.4990117650323,22.544990117650322,0.03532281967982553
25800.0,25.8,222.45,-50.69999999999999,2220.1315861581284,22.201315861581282,0.034768724146972754
25900.0,25.9,222.54999999999998,-50.599999999999994,2186.303149289109,21.863031492891093,0.0342235636917379
26000.0,26.0,222.64999999999998,-50.5,2153.0050116171606,21.530050116171605,0.03368719031324454
26100.0,26.1,222.74999999999997,-50.400000000000006,2120.228627503304,21.20228627503304,0.03315945852694909
26200.0,26.2,222.84999999999997,-50.30000000000001,2087.9655927642857,20.879655927642858,0.03264022532075605
26300.0,26.3,222.95,-50.19999999999999,2056.2076422691307,20.562076422691305,0.032129350111918004
26400.0,26.4,223.04999999999998,-50.099999999999994,2024.9466475775812,20.24946647577581,0.03162669470470578
26500.0,26.5,223.14999999999998,-50.0,1994.174614619682,19.94174614619682,0.031132123248834718
26600.0,26.6,223.24999999999997,-49.900000000000006,1963.8836814157614,19.638836814157614,0.030645502198633108
26700.0,26.7,223.34999999999997,-49.80000000000001,1934.066115836105,19.340661158361048,0.030166700272939335
26800.0,26.8,223.45,-49.69999999999999,1904.7143133995974,19.047143133995974,0.029695588415714336
26900.0,26.9,223.54999999999998,-49.599999999999994,1875.8207951106504,18.758207951106503,0.029232039757356353
27000.0,27.0,223.64999999999998,-49.5,1847.3782053337254,18.473782053337253,0.028775929576705047
27100.0,27.1,223.74999999999997,-49.400000000000006,1819.379309704787,18.19379309704787,0.028327135263722564
27200.0,27.2,223.84999999999997,-49.30000000000001,1791.8169930790236,17.918169930790235,0.02788553628283901
27300.0,27.3,223.95,-49.19999999999999,1764.6842575141836,17.646842575141836,0.027451014136950138
27400.0,27.4,224.04999999999998,-49.099999999999994,1737.9742202889672,17.379742202889673,0.027023452332056563
27500.0,27.5,224.14999999999998,-49.0,1711.6801119556526,17.116801119556527,0.02660273634252968
27600.0,27.6,224.24999999999997,-48.900000000000006,1685.7952744266158,16.857952744266157,0.026188753576997018
27700.0,27.7,224.34999999999997,-48.80000000000001,1660.313159093951,16.603131590939512,0.025781393344832895
27800.0,27.8,224.45,-48.69999999999999,1635.2273249816026,16.352273249816026,0.025380546823243172
27900.0,27.9,224.54999999999998,-48.599999999999994,1610.5314369296661,16.10531436929666,0.024986107024937115
28000.0,28.0,224.64999999999998,-48.5,1586.219263809875,15.86219263809875,0.024597968766369164
28100.0,28.1,224.74999999999997,-48.400000000000006,1562.2846767721292,15.622846767721292,0.024216028636546625
28200.0,28.2,224.84999999999997,-48.30000000000001,1538.721647521271,15.38721647521271,0.02384018496638931
28300.0,28.3,224.95,-48.19999999999999,1515.5242466236564,15.155242466236563,0.023470337798632238
28400.0,28.4,225.04999999999998,-48.099999999999994,1492.6866418429743,14.926866418429743,0.023106388858261412
28500.0,28.5,225.14999999999998,-48.0,1470.2030965048066,14.702030965048065,0.022748241523473028
28600.0,28.6,225.24999999999997,-47.900000000000006,1448.06796788941,14.4806796788941,0.022395800797146526
28700.0,28.7,225.34999999999997,-47.80000000000001,1426.2757056522291,14.262757056522291,0.02204897327882234
28800.0,28.8,225.45,-47.69999999999999,1404.8208502716316,14.048208502716315,0.021707667137174782
28900.0,28.9,225.54999999999998,-47.599999999999994,1383.6980315234548,13.836980315234548,0.02137179208297239
29000.0,29.0,225.64999999999998,-47.5,1362.9019669817392,13.629019669817392,0.021041259342514305
29100.0,29.1,225.74999999999997,-47.400000000000006,1342.4274605453334,13.424274605453334,0.02071598163153665
29200.0,29.2,225.84999999999997,-47.30000000000001,1322.2694009899121,13.222694009899122,0.020395873129580105
29300.0,29.3,225.95,-47.19999999999999,1302.4227605448075,13.024227605448075,0.020080849454808182
29400.0,29.4,226.04999999999998,-47.099999999999994,1282.8825934944166,12.828825934944167,0.01977082763927107
29500.0,29.5,226.14999999999998,-47.0,1263.6440348035446,12.636440348035446,0.01946572610460383
29600.0,29.6,226.24999999999997,-46.900000000000006,1244.7022987664675,12.447022987664674,0.01916546463815425
29700.0,29.7,226.34999999999997,-46.80000000000001,1226.0526776791469,12.260526776791469,0.01886996436953032
29800.0,29.8,226.45,-46.69999999999999,1207.6905405342561,12.076905405342561,0.018579147747560774
29900.0,29.9,226.54999999999998,-46.599999999999994,1189.6113317385953,11.896113317385952,0.018292938517660937
30000.0,30.0,226.64999999999998,-46.5,1171.8105698525096,11.718105698525097,0.018011261699596673
30100.0,30.1,226.74999999999997,-46.400000000000006,1154.283846350923,11.54283846350923,0.017734043565639263
30200.0,30.2,226.84999999999997,-46.30000000000001,1137.0268244056026,11.370268244056026,0.017461211619104137
30300.0,30.3,226.95,-46.19999999999999,1120.0352376882786,11.200352376882785,0.017192694573266432
30400.0,30.4,227.04999999999998,-46.099999999999994,1103.3048891943056,11.033048891943055,0.016928422330647473
30500.0,30.5,227.14999999999998,-46.0,1086.8316500863377,10.868316500863378,0.016668325962662885
30600.0,30.6,227.24999999999997,-45.900000000000006,1070.6114585579492,10.706114585579492,0.01641233768963023
30700.0,30.7,227.34999999999997,-45.80000000000001,1054.6403187165643,10.546403187165643,0.016160390861125275
30800.0,30.8,227.45,-45.69999999999999,1038.9142994855265,10.389142994855264,0.015912419936683204
30900.0,30.9,227.54999999999998,-45.599999999999994,1023.4295335249531,10.23429533524953,0.01566836046683834
31000.0,31.0,227.64999999999998,-45.5,1008.1822161709475,10.081822161709475,0.015428149074494775
31100.0,31.1,227.74999999999997,-45.400000000000006,993.1686043929942,9.931686043929941,0.015191723436624144
31200.0,31.2,227.84999999999997,-45.30000000000001,978.3850157691076,9.783850157691075,0.014959022266283125
31300.0,31.3,227.95,-45.19999999999999,963.8278274784681,9.63827827478468,0.014729985294945465
31400.0,31.4,228.04999999999998,-45.099999999999994,949.4934753112333,9.494934753112332,0.014504553255142893
31500.0,31.5,228.14999999999998,-45.0,935.3784526952223,9.353784526952223,0.014282667863409298
31600.0,31.6,228.24999999999997,-44.900000000000006,921.4793097391812,9.214793097391812,0.014064271803522845
31700.0,31.7,228.34999999999997,-44.80000000000001,907.7926522923368,9.077926522923368,0.013849308710040595
31800.0,31.8,228.45,-44.69999999999999,894.3151410199574,8.943151410199574,0.013637723152120486
31900.0,31.9,228.54999999999998,-44.599999999999994,881.04349049464,8.8104349049464,0.013429460617625465
32000.0,32.0,228.64999999999998,-44.5,867.9744683030478,8.679744683030478,0.013224467497504786
32100.0,32.1,228.92999999999998,-44.22,855.1099176276105,8.551099176276104,0.013012528208012058
32200.0,32.2,229.20999999999998,-43.94,842.4514134014375,8.424514134014375,0.012804238378960116
32300.0,32.3,229.48999999999998,-43.66,829.9954097780667,8.299954097780667,0.012599530825458755
32400.0,32.4,229.76999999999998,-43.379999999999995,817.7384261490741,8.177384261490742,0.012398339679228832
32500.0,32.5,230.04999999999998,-43.099999999999994,805.677045866378,8.05677045866378,0.012200600361241314
32600.0,32.6,230.32999999999998,-42.81999999999999,793.8079149910889,7.938079149910888,0.012006249554957417
32700.0,32.7,230.60999999999999,-42.53999999999999,782.1277410683027,7.821277410683027,0.011815225180155629
32800.0,32.8,230.89,-42.25999999999999,770.6332919272992,7.706332919272992,0.011627466367332431
32900.0,32.9,231.17,-41.97999999999999,759.3213945065468,7.593213945065468,0.011442913432662953
33000.0,33.0,231.45,-41.69999999999999,748.188933703007,7.48188933703007,0.011261507853509082
33100.0,33.1,231.73,-41.41999999999999,737.2328512451819,7.372328512451819,0.011083192244462105
33200.0,33.2,232.01,-41.139999999999986,726.4501445894167,7.264501445894167,0.010907910333907995
33300.0,33.3,232.28999999999996,-40.860000000000014,715.8378658389175,7.158378658389175,0.01073560694110285
33400.0,33.4,232.56999999999996,-40.58000000000001,705.3931206850033,7.053931206850033,0.010566227953746994
33500.0,33.5,232.84999999999997,-40.30000000000001,695.1130673701299,6.951130673701299,0.010399720306046599
33600.0,33.6,233.12999999999997,-40.02000000000001,684.9949156721652,6.849949156721652,0.010236031957250985
33700.0,33.7,233.40999999999997,-39.74000000000001,675.0359259095127,6.750359259095127,0.010075111870655535
33800.0,33.8,233.68999999999997,-39.46000000000001,665.2334079665809,6.652334079665809,0.009916909993058899
33900.0,33.9,233.96999999999997,-39.18000000000001,655.5847203391825,6.555847203391824,0.009761377234664421
34000.0,34.0,234.24999999999997,-38.900000000000006,646.0872691994451,6.460872691994451,0.009608465449415904
34100.0,34.1,234.52999999999997,-38.620000000000005,636.738507479779,6.36738507479779,0.00945812741575728
34200.0,34.2,234.80999999999997,-38.34,627.5359339755195,6.2753593397551946,0.009310316817807028
34300.0,34.3,235.08999999999997,-38.06,618.477092465823,6.18477092465823,0.009164988226937619
34400.0,34.4,235.36999999999998,-37.78,609.559570852447,6.09559570852447,0.009022097083751106
34500.0,34.5,235.64999999999998,-37.5,600.7810003160004,6.007810003160004,0.008881599680441535
34600.0,34.6,235.92999999999998,-37.22,592.1390544893133,5.921390544893132,0.008743453143535687
34700.0,34.7,236.20999999999998,-36.94,583.6314486475417,5.836314486475417,0.00860761541700343
34800.0,34.8,236.48999999999998,-36.66,575.2559389146721,5.752559389146722,0.008474045245729598
34900.0,34.9,236.76999999999998,-36.379999999999995,567.0103214860477,5.670103214860477,0.008342702159338895
35000.0,35.0,237.04999999999998,-36.099999999999994,558.8924318665858,5.588924318665858,0.008213546456366056
35100.0,35.1,237.32999999999998,-35.81999999999999,550.9001441243686,5.509001441243686,0.008086539188763689
35200.0,35.2,237.60999999999999,-35.53999999999999,543.0313701592469,5.4303137015924685,0.007961642146739776
35300.0,35.3,237.89,-35.25999999999999,535.2840589861647,5.352840589861647,0.00783881784391785
35400.0,35.4,238.17,-34.97999999999999,527.6561960328729,5.2765619603287295,0.007718029502812293
35500.0,35.5,238.45,-34.69999999999999,520.1458024517482,5.201458024517482,0.007599241040612047
35600.0,35.6,238.73,-34.41999999999999,512.7509344453941,5.127509344453942,0.0074824170552655
35700.0,35.7,239.01,-34.139999999999986,505.4696826057417,5.054696826057417,0.007367522811859935
35800.0,35.8,239.28999999999996,-33.860000000000014,498.30017126637995,4.9830017126638,0.007254524229289212
35900.0,35.9,239.56999999999996,-33.58000000000001,491.2405578678023,4.9124055786780225,0.007143387867202766
36000.0,36.0,239.84999999999997,-33.30000000000001,484.2890323353351,4.842890323353351,0.007034080913230224
36100.0,36.1,240.12999999999997,-33.02000000000001,477.4438164694489,4.774438164694489,0.006926571170475033
36200.0,36.2,240.40999999999997,-32.74000000000001,470.7031633482111,4.707031633482111,0.006820827045271433
36300.0,36.3,240.68999999999997,-32.46000000000001,464.0653567416123,4.6406535674161224,0.0067168175351987455
36400.0,36.4,240.96999999999997,-32.18000000000001,457.5287105375331,4.575287105375331,0.006614512217347489
36500.0,36.5,241.24999999999997,-31.900000000000006,451.09156817908803,4.51091568179088,0.006513881236831525
36600.0,36.6,241.52999999999997,-31.620000000000005,444.7523021131147,4.447523021131147,0.006414895295540842
36700.0,36.7,241.80999999999997,-31.340000000000003,438.50931324958896,4.385093132495889,0.006317525641129895
36800.0,36.8,242.08999999999997,-31.060000000000002,432.3610304317131,4.323610304317131,0.006221744056235954
36900.0,36.9,242.36999999999998,-30.78,426.3059099164737,4.263059099164737,0.006127522847922657
37000.0,37.0,242.64999999999998,-30.5,420.34243486543653,4.203424348654365,0.006034834837343652
37100.0,37.1,242.92999999999998,-30.22,414.46911484558314,4.1446911484558315,0.005943653349621685
37200.0,37.2,243.20999999999998,-29.939999999999998,408.6844853399591,4.086844853399591,0.0058539522039381675
37300.0,37.3,243.48999999999998,-29.659999999999997,402.98710726794,4.0298710726794,0.005765705703828728
37400.0,37.4,243.76999999999998,-29.379999999999995,397.3755665149243,3.973755665149243,0.005678888627680343
37500.0,37.5,244.04999999999998,-29.099999999999994,391.84847347123775,3.9184847347123775,0.0055934762194253945
37600.0,37.6,244.32999999999998,-28.819999999999993,386.40446258007574,3.8640446258007572,0.005509444179428572
37700.0,37.7,244.60999999999999,-28.539999999999992,381.0421918942832,3.810421918942832,0.005426768655562233
37800.0,37.8,244.89,-28.25999999999999,375.7603426418059,3.757603426418059,0.005345426234466331
37900.0,37.9,245.17,-27.97999999999999,370.5576187996144,3.7055761879961437,0.005265393932988641
38000.0,38.0,245.45,-27.69999999999999,365.4327466759406,3.654327466759406,0.005186649189801549
38100.0,38.1,245.72999999999996,-27.420000000000016,360.3844745006467,3.6038447450064672,0.005109169857191441
38200.0,38.2,246.01,-27.139999999999986,355.41157202356584,3.5541157202356586,0.005032934193017063
38300.0,38.3,246.28999999999996,-26.860000000000014,350.5128301206531,3.5051283012065313,0.004957920852833201
38400.0,38.4,246.56999999999996,-26.580000000000013,345.68706040776345,3.4568706040776345,0.00488410888217578
38500.0,38.5,246.84999999999997,-26.30000000000001,340.93309486193925,3.4093309486193926,0.004811477709005467
38600.0,38.6,247.12999999999997,-26.02000000000001,336.24978545001375,3.3624978545001376,0.004740007136305752
38700.0,38.7,247.40999999999997,-25.74000000000001,331.636003764413,3.3163600376441296,0.004669677334832664
38800.0,38.8,247.68999999999997,-25.460000000000008,327.09064066598535,3.2709064066598534,0.004600468836012501
38900.0,38.9,247.96999999999997,-25.180000000000007,322.6126059337262,3.2261260593372616,0.00453236252498455
39000.0,39.0,248.24999999999997,-24.900000000000006,318.20082792126163,3.1820082792126163,0.004465339633785731
39100.0,39.1,248.52999999999997,-24.620000000000005,313.8542532199401,3.138542532199401,0.004399381734673948
39200.0,39.2,248.80999999999997,-24.340000000000003,309.57184632840915,3.0957184632840917,0.004334470733587318
39300.0,39.3,249.08999999999997,-24.060000000000002,305.35258932853674,3.0535258932853675,0.004270588863736242
39400.0,39.4,249.36999999999998,-23.78,301.19548156755985,3.0119548156755984,0.004207718679325653
39500.0,39.5,249.64999999999998,-23.5,297.0995393463199,2.9709953934631987,0.004145843049404437
39600.0,39.6,249.92999999999998,-23.22,293.0637956134718,2.9306379561347184,0.004084945151839475
39700.0,39.7,250.20999999999998,-22.939999999999998,289.08729966553994,2.8908729966553994,0.004025008467411533
39800.0,39.8,250.48999999999998,-22.659999999999997,285.1691168527105,2.851691168527105,0.003966016774030553
39900.0,39.9,250.76999999999998,-22.379999999999995,281.30832829023444,2.8130832829023444,0.003907954141067625
40000.0,40.0,251.04999999999998,-22.099999999999994,277.50403057533185,2.7750403057533184,0.0038508049238012315
40100.0,40.1,251.32999999999998,-21.819999999999993,273.75533550949405,2.7375533550949402,0.003794553757975438
40200.0,40.2,251.60999999999999,-21.539999999999992,270.0613698260619,2.700613698260619,0.003739185554467472
40300.0,40.3,251.89,-21.25999999999999,266.4212749229837,2.664212749229837,0.0036846854940625
40400.0,40.4,252.17,-20.97999999999999,262.83420660064337,2.6283420660064336,0.0036310390223332593
40500.0,40.5,252.45,-20.69999999999999,259.29933480466434,2.5929933480466434,0.0035782318446224296
40600.0,40.6,252.72999999999996,-20.420000000000016,255.81584337358004,2.5581584337358003,0.0035262499211254463
40700.0,40.7,253.01,-20.139999999999986,252.3829297912771,2.523829297912771,0.00347507946207167
40800.0,40.8,253.28999999999996,-19.860000000000014,248.99980494412398,2.48999804944124,0.0034247069230019717
40900.0,40.9,253.56999999999996,-19.580000000000013,245.6656928826743,2.4566569288267432,0.003375119000140448
41000.0,41.0,253.84999999999997,-19.30000000000001,242.37983058787344,2.4237983058787345,0.003326302625858569
41100.0,41.1,254.12999999999997,-19.02000000000001,239.1414677416613,2.391414677416613,0.00327824496422958
41200.0,41.2,254.40999999999997,-18.74000000000001,235.9498665018956,2.3594986650189558,0.003230933406671418
41300.0,41.3,254.68999999999997,-18.460000000000008,232.80430128150147,2.3280430128150145,0.003184355567676178
41400.0,41.4,254.96999999999997,-18.180000000000007,229.70405853177297,2.29704058531773,0.0031384992806244463
41500.0,41.5,255.24999999999997,-17.900000000000006,226.64843652973374,2.2664843652973374,0.003093352593682587
41600.0,41.6,255.52999999999997,-17.620000000000005,223.63674516948058,2.2363674516948056,0.0030489037657812955
41700.0,41.7,255.80999999999997,-17.340000000000003,220.668305757437,2.20668305757437,0.003005141262673813
41800.0,41.8,256.09,-17.060000000000002,217.74245081142826,2.1774245081142825,0.0029620537530719894
41900.0,41.9,256.37,-16.779999999999973,214.85852386351084,2.1485852386351083,0.002919630104858677
42000.0,42.0,256.65,-16.5,212.0158792664794,2.1201587926647942,0.0028778593813748427
42100.0,42.1,256.92999999999995,-16.220000000000027,209.2138820039772,2.092138820039772,0.0028367308377798056
42200.0,42.2,257.21,-15.939999999999998,206.45190750414267,2.0645190750414266,0.0027962339174831567
42300.0,42.3,257.48999999999995,-15.660000000000025,203.72934145672087,2.0372934145672086,0.0027563582486468292
42400.0,42.4,257.77,-15.379999999999995,201.04557963356893,2.0104557963356893,0.0027170936407558324
42500.0,42.5,258.04999999999995,-15.100000000000023,198.40002771249362,1.9840002771249363,0.002678430081256303
42600.0,42.6,258.33,-14.819999999999993,195.79210110435076,1.9579210110435077,0.002640357732259403
42700.0,42.7,258.60999999999996,-14.54000000000002,193.22122478334998,1.9322122478334998,0.002602866927309811
42800.0,42.8,258.89,-14.259999999999991,190.68683312049265,1.9068683312049266,0.002565948168217343
42900.0,42.9,259.16999999999996,-13.980000000000018,188.18836972008907,1.8818836972008908,0.0025295921219505046
43000.0,43.0,259.45,-13.699999999999989,185.72528725929007,1.8572528725929007,0.002493789617590627
43100.0,43.1,259.72999999999996,-13.420000000000016,183.29704733058048,1.8329704733058048,0.002458531643345444
43200.0,43.2,260.01,-13.139999999999986,180.9031202871665,1.809031202871665,0.002423809343620726
43300.0,43.3,260.28999999999996,-12.860000000000014,178.54298509121506,1.7854298509121507,0.0023896140161489927
43400.0,43.4,260.57,-12.579999999999984,176.21612916487092,1.7621612916487093,0.0023559371091738716
43500.0,43.5,260.84999999999997,-12.300000000000011,173.922048244019,1.73922048244019,0.0023227702186892595
43600.0,43.6,261.13,-12.019999999999982,171.66024623471847,1.7166024623471847,0.00229010508573188
43700.0,43.7,261.40999999999997,-11.740000000000009,169.4302350722753,1.694302350722753,0.002257933593726417
43800.0,43.8,261.69,-11.45999999999998,167.23153458288235,1.6723153458288236,0.0022262477658818547
43900.0,43.9,261.96999999999997,-11.180000000000007,165.0636723477989,1.650636723477989,0.0021950397626383
44000.0,44.0,262.25,-10.899999999999977,162.92618357000046,1.6292618357000046,0.002164301879162965
44100.0,44.1,262.53,-10.620000000000005,160.81861094326936,1.6081861094326937,0.002134026542894571
44200.0,44.2,262.80999999999995,-10.340000000000032,158.74050452366043,1.5874050452366044,0.0021042063111349238
44300.0,44.3,263.09,-10.060000000000002,156.69142160331347,1.5669142160331346,0.00207483386868695
44400.0,44.4,263.37,-9.779999999999973,154.67092658655713,1.5467092658655712,0.002045902025538108
44500.0,44.5,263.65,-9.5,152.67859086826155,1.5267859086826154,0.0020174037145882745
44600.0,44.6,263.92999999999995,-9.220000000000027,150.7139927143994,1.507139927143994,0.00198933198942124
44700.0,44.7,264.21,-8.939999999999998,148.77671714476912,1.4877671714476912,0.001961680022118887
44800.0,44.8,264.48999999999995,-8.660000000000025,146.86635581784512,1.4686635581784513,0.0019344411011172698
44900.0,44.9,264.77,-8.379999999999995,144.98250691770505,1.4498250691770505,0.0019076086291036198
45000.0,45.0,265.04999999999995,-8.100000000000023,143.1247750430047,1.431247750430047,0.0018811761209536005
45100.0,45.1,265.33,-7.819999999999993,141.2927710979527,1.412927710979527,0.0018551372017078759
45200.0,45.2,265.60999999999996,-7.5400000000000205,139.48611218525267,1.3948611218525266,0.001829485604587284
45300.0,45.3,265.89,-7.259999999999991,137.70442150097102,1.3770442150097102,0.0018042151690457798
45400.0,45.4,266.16999999999996,-6.980000000000018,135.94732823129948,1.3594732823129947,0.0017793198388604701
45500.0,45.5,266.45,-6.699999999999989,134.21446745116924,1.3421446745116925,0.001754793660257894
45600.0,45.6,266.72999999999996,-6.420000000000016,132.50548002468736,1.3250548002468736,0.001730630780075911
45700.0,45.7,267.01,-6.139999999999986,130.82001250735644,1.3082001250735644,0.0017068254439604157
45800.0,45.8,267.28999999999996,-5.860000000000014,129.15771705004934,1.2915771705004935,0.0016833719945962668
45900.0,45.9,267.57,-5.579999999999984,127.5182513046977,1.275182513046977,0.001660264869971631
46000.0,46.0,267.84999999999997,-5.300000000000011,125.90127833167232,1.259012783316723,0.0016374986016752236
46100.0,46.1,268.13,-5.019999999999982,124.30646650880999,1.2430646650880999,0.0016150678132256038
46200.0,46.2,268.40999999999997,-4.740000000000009,122.733489442071,1.22733489442071,0.0015929672184320967
46300.0,46.3,268.69,-4.4599999999999795,121.18202587778234,1.2118202587778233,0.0015711916197865203
46400.0,46.4,268.96999999999997,-4.180000000000007,119.65175961644931,1.1965175961644932,0.0015497359068852746
46500.0,46.5,269.25,-3.8999999999999773,118.14237942809297,1.1814237942809296,0.0015285950548810138
46600.0,46.6,269.53,-3.6200000000000045,116.65357896909843,1.1665357896909843,0.0015077641229635033
46700.0,46.7,269.80999999999995,-3.340000000000032,115.18505670053393,1.1518505670053394,0.0014872382528689195
46800.0,46.8,270.09,-3.0600000000000023,113.7365158079203,1.137365158079203,0.001467012667417135
46900.0,46.9,270.37,-2.7799999999999727,112.30766412242268,1.1230766412242268,0.0014470826690764168
47000.0,47.0,270.65,-2.5,110.89821404343272,1.1089821404343272,0.0014274436385549305
47100.0,47.1,270.65,-2.5,109.5071679338528,1.095071679338528,0.0014095385718486373
47200.0,47.2,270.65,-2.5,108.13357034042501,1.0813357034042501,0.0013918580964362476
47300.0,47.3,270.65,-2.5,106.77720239857408,1.0677720239857407,0.001374399395168284
47400.0,47.4,270.65,-2.5,105.43784798904147,1.0543784798904148,0.0013571596862320425
47500.0,47.5,270.65,-2.5,104.11529370344952,1.0411529370344952,0.0013401362227083429
47600.0,47.6,270.65,-2.5,102.80932881029776,1.0280932881029776,0.0013233262921338482
47700.0,47.7,270.65,-2.5,101.51974522138552,1.0151974522138552,0.001306727216068866
47800.0,47.8,270.65,-2.5,100.24633745865597,1.0024633745865597,0.0012903363496705772
47900.0,47.9,270.65,-2.5,98.98890262145575,0.9898890262145575,0.0012741510812716123
48000.0,48.0,270.65,-2.5,97.7472403542056,0.977472403542056,0.0012581688319639203
48100.0,48.1,270.65,-2.5,96.52115281447625,0.9652115281447625,0.0012423870551878519
48200.0,48.2,270.65,-2.5,95.31044464146491,0.9531044464146491,0.0012268032363263988
48300.0,48.3,270.65,-2.5,94.11492292486706,0.9411492292486706,0.0012114148923045237
48400.0,48.4,270.65,-2.5,92.93439717413878,0.9293439717413878,0.001196219571193515
48500.0,48.5,270.65,-2.5,91.7686792881446,0.917686792881446,0.001181214851820303
48600.0,48.6,270.65,-2.5,90.61758352518609,0.906175835251861,0.0011663983433816806
48700.0,48.7,270.65,-2.5,89.48092647340638,0.8948092647340639,0.0011517676850633593
48800.0,48.8,270.65,-2.5,88.3585270215659,0.883585270215659,0.0011373205456638037
48900.0,48.9,270.65,-2.5,87.25020633018467,0.8725020633018467,0.0011230546232227862
49000.0,49.0,270.65,-2.5,86.15578780304668,0.8615578780304668,0.0011089676446546016
49100.0,49.1,270.65,-2.5,85.07509705906153,0.8507509705906153,0.0010950573653858784
49200.0,49.2,270.65,-2.5,84.00796190447923,0.8400796190447923,0.001081321568997938
49300.0,49.3,270.65,-2.5,82.95421230545325,0.8295421230545326,0.0010677580668736356
49400.0,49.4,270.65,-2.5,81.91368036094806,0.8191368036094806,0.0010543646978486356
49500.0,49.5,270.65,-2.5,80.88620027598616,0.8088620027598615,0.0010411393278670564
49600.0,49.6,270.65,-2.5,79.87160833523096,0.7987160833523096,0.0010280798496414387
49700.0,49.7,270.65,-2.5,78.86974287690086,0.7886974287690086,0.0010151841823169755
49800.0,49.8,270.65,-2.5,77.88044426701059,0.7788044426701058,0.0010024502711399566
49900.0,49.9,270.65,-2.5,76.90355487393569,0.7690355487393569,0.0009898760871303708
50000.0,50.0,270.65,-2.5,75.93891904329593,0.7593891904329593,0.0009774596267586142
50100.0,50.1,270.65,-2.5,74.98638307315387,0.7498638307315387,0.000965198911626254
50200.0,50.2,270.65,-2.5,74.0457951895246,0.740457951895246,0.0009530919881507991
50300.0,50.3,270.65,-2.5,73.11700552219234,0.7311700552219235,0.0009411369272544196
50400.0,50.4,270.65,-2.5,72.19986608083089,0.7219986608083089,0.0009293318240565763
50500.0,50.5,270.65,-2.5,71.29423073142304,0.7129423073142305,0.0009176747975705013
50600.0,50.6,270.65,-2.5,70.39995517297629,0.7039995517297629,0.0009061639904034894
50700.0,50.7,270.65,-2.5,69.51689691453025,0.6951689691453025,0.0008947975684609455
50800.0,50.8,270.65,-2.5,68.64491525245269,0.6864491525245269,0.0008835737206541478
50900.0,50.9,270.65,-2.5,67.78387124802022,0.6778387124802022,0.0008724906586116732
51000.0,51.0,270.65,-2.5,66.93362770528024,0.6693362770528024,0.0008615466163944446
51100.0,51.1,270.37,-2.7799999999999727,66.09361729643179,0.6609361729643178,0.0008516153271781943
51200.0,51.2,270.09,-3.0600000000000023,65.26329489905736,0.6526329489905736,0.0008417884058976072
51300.0,51.3,269.81,-3.339999999999975,64.44255864944344,0.6444255864944344,0.0008320648622449031
51400.0,51.4,269.53,-3.6200000000000045,63.6313076509201,0.636313076509201,0.0008224437142963716
51500.0,51.5,269.25,-3.8999999999999773,62.82944196567062,0.6282944196567062,0.0008129239884499931
51600.0,51.6,268.96999999999997,-4.180000000000007,62.03686260660004,0.6203686260660004,0.0008035047193634367
51700.0,51.7,268.69,-4.4599999999999795,61.253471529266704,0.612534715292667,0.0007941849498924822
51800.0,51.8,268.40999999999997,-4.740000000000009,60.479171623871345,0.6047917162387134,0.000784963731029809
51900.0,51.9,268.13,-5.019999999999982,59.71386670730863,0.5971386670730863,0.0007758401218442083
52000.0,52.0,267.84999999999997,-5.300000000000011,58.957461515275824,0.5895746151527582,0.0007668131894201603
52100.0,52.1,267.57,-5.579999999999984,58.209861694442374,0.5820986169444238,0.0007578820087978238
52200.0,52.2,267.28999999999996,-5.860000000000014,57.47097379467639,0.5747097379467639,0.0007490456629133893
52300.0,52.3,267.01,-6.139999999999986,56.74070526133151,0.5674070526133151,0.0007403032425398465
52400.0,52.4,266.72999999999996,-6.420000000000016,56.018964427589324,0.5601896442758932,0.0007316538462281033
52500.0,52.5,266.45,-6.699999999999989,55.30566050686165,0.5530566050686165,0.0007230965802485158
52600.0,52.6,266.16999999999996,-6.980000000000018,54.60070358524796,0.5460070358524797,0.0007146305585327725
52700.0,52.7,265.89,-7.259999999999991,53.90400461405134,0.5390400461405134,0.0007062549026161759
52800.0,52.8,265.60999999999996,-7.5400000000000205,53.21547540234901,0.5321547540234901,0.0006979687415802774
52900.0,52.9,265.33,-7.819999999999993,52.535028609621214,0.5253502860962121,0.0006897712119959126
53000.0,53.0,265.04999999999995,-8.100000000000023,51.86257773843319,0.5186257773843319,0.0006816614578665759
53100.0,53.1,264.77,-8.379999999999995,51.19803712717528,0.5119803712717528,0.0006736386305721981
53200.0,53.2,264.48999999999995,-8.660000000000025,50.541321942855,0.50541321942855,0.0006657018888132535
53300.0,53.3,264.21,-8.939999999999998,49.892348173946694,0.49892348173946693,0.0006578503985552695
53400.0,53.4,263.92999999999995,-9.220000000000027,49.25103262329283,0.4925103262329283,0.0006500833329736655
53500.0,53.5,263.65,-9.5,48.617292901061475,0.48617292901061476,0.0006423998723989818
53600.0,53.6,263.37,-9.779999999999973,47.99104741775528,0.47991047417755284,0.0006347992042624412
53700.0,53.7,263.09,-10.060000000000002,47.37221537727525,0.4737221537727525,0.0006272805230418878
53800.0,53.8,262.81,-10.339999999999975,46.76071677003674,0.46760716770036737,0.0006198430302080726
53900.0,53.9,262.53,-10.620000000000005,46.15647236613732,0.46156472366137324,0.0006124859341712853
54000.0,54.0,262.25,-10.899999999999977,45.55940370857839,0.4555940370857839,0.0006052084502283544
54100.0,54.1,261.96999999999997,-11.180000000000007,44.96943310653652,0.4496943310653652,0.0005980098005099733
54200.0,54.2,261.69,-11.45999999999998,44.38648362868875,0.4438648362868875,0.0005908892139284028
54300.0,54.3,261.40999999999997,-11.740000000000009,43.810479096586185,0.43810479096586186,0.0005838459261254833
54400.0,54.4,261.13,-12.019999999999982,43.24134407808117,0.4324134407808117,0.0005768791794210268
54500.0,54.5,260.84999999999997,-12.300000000000011,42.67900388080254,0.4267900388080254,0.0005699882227615184
54600.0,54.6,260.57,-12.579999999999984,42.12338454568306,0.42123384545683057,0.0005631723116691841
54700.0,54.7,260.28999999999996,-12.860000000000014,41.574412840534656,0.4157441284053466,0.0005564307081913714
54800.0,54.8,260.01,-13.139999999999986,41.03201625367533,0.4103201625367533,0.0005497626808502934
54900.0,54.9,259.72999999999996,-13.420000000000016,40.496122987602654,0.40496122987602656,0.0005431675045930739
55000.0,55.0,259.45,-13.699999999999989,39.96666195271866,0.3996666195271866,0.000536644460742158
55100.0,55.1,259.16999999999996,-13.980000000000018,39.44356276110097,0.3944356276110097,0.0005301928369460242
55200.0,55.2,258.89,-14.259999999999991,38.92675572032396,0.3892675572032396,0.000523811927130248
55300.0,55.3,258.60999999999996,-14.54000000000002,38.4161718273262,0.384161718273262,0.0005175010314488737
55400.0,55.4,258.33,-14.819999999999993,37.91174276232672,0.37911742762326717,0.0005112594562361252
55500.0,55.5,258.04999999999995,-15.100000000000023,37.41340088278717,0.37413400882787173,0.0005050865139584248
55600.0,55.6,257.77,-15.379999999999995,36.921079217422424,0.36921079217422426,0.0004989815231667521
55700.0,55.7,257.48999999999995,-15.660000000000025,36.43471146025604,0.3643471146025604,0.0004929438084493003
55800.0,55.8,257.21,-15.939999999999998,35.95423196472362,0.3595423196472362,0.0004869727003844704
55900.0,55.9,256.92999999999995,-16.220000000000027,35.47957573782077,0.3547957573782077,0.00048106753549416513
56000.0,56.0,256.65,-16.5,35.01067843429775,0.35010678434297754,0.0004752276561974082
56100.0,56.1,256.37,-16.779999999999973,34.54747635089852,0.3454747635089852,0.00046945241076426497
56200.0,56.2,256.09,-17.060000000000002,34.08990642064553,0.34089906420645527,0.00046374115327008265
56300.0,56.3,255.80999999999997,-17.340000000000003,33.63790620716919,0.3363790620716919,0.0004580932435500374
56400.0,56.4,255.52999999999997,-17.620000000000005,33.19141389908132,0.3319141389908132,0.00045250804715398326
56500.0,56.5,255.24999999999997,-17.900000000000006,32.750368304392964,0.3275036830439296,0.0004469849353016095
56600.0,56.6,254.96999999999997,-18.180000000000007,32.31470884497614,0.32314708844976137,0.0004415232848379017
56700.0,56.7,254.68999999999997,-18.460000000000008,31.884375551069,0.31884375551069,0.0004361224781889045
56800.0,56.8,254.40999999999997,-18.74000000000001,31.459309055824278,0.3145930905582428,0.0004307819033177827
56900.0,56.9,254.12999999999997,-19.02000000000001,31.039450589900554,0.3103945058990055,0.0004255009536811814
57000.0,57.0,253.84999999999997,-19.30000000000001,30.624741976096473,0.30624741976096476,0.0004202790281858848
57100.0,57.1,253.57,-19.579999999999984,30.215125624026907,0.30215125624026906,0.00041511553114576493
57200.0,57.2,253.28999999999996,-19.860000000000014,29.810544524841326,0.29810544524841326,0.0004100098722390258
57300.0,57.3,253.01,-20.139999999999986,29.4109422459845,0.294109422459845,0.0004049614664657451
57400.0,57.4,252.73,-20.419999999999987,29.016262925997555,0.29016262925997555,0.0003999697341056917
57500.0,57.5,252.45,-20.69999999999999,28.62645126936158,0.2862645126936158,0.000395034100676448
57600.0,57.6,252.17,-20.97999999999999,28.241452541381026,0.28241452541381024,0.0003901539968918045
57700.0,57.7,251.89,-21.25999999999999,27.86121256310848,0.2786121256310848,0.00038532885862044736
57800.0,57.8,251.60999999999999,-21.539999999999992,27.485677706309527,0.27485677706309525,0.00038055812684492706
57900.0,57.9,251.32999999999998,-21.819999999999993,27.11479488846776,0.2711479488846776,0.0003758412476209081
58000.0,58.0,251.04999999999998,-22.099999999999994,26.748511567829603,0.267485115678296,0.0003711776720366983
58100.0,58.1,250.76999999999998,-22.379999999999995,26.386775738488836,0.2638677573848884,0.0003665668561730596
58200.0,58.2,250.48999999999998,-22.659999999999997,26.02953592551004,0.2602953592551004,0.00036200826106328946
58300.0,58.3,250.20999999999998,-22.939999999999998,25.676741180091447,0.25676741180091445,0.0003575013526535839
58400.0,58.4,249.92999999999998,-23.22,25.328341074766293,0.2532834107476629,0.0003530456017636695
58500.0,58.5,249.64999999999998,-23.5,24.984285698642726,0.24984285698642725,0.00034864048404771
58600.0,58.6,249.36999999999998,-23.78,24.644525652681867,0.24644525652681867,0.0003442854799554815
58700.0,58.7,249.08999999999997,-24.060000000000002,24.309012045013976,0.24309012045013975,0.00033998007469381866
58800.0,58.8,248.80999999999997,-24.340000000000003,23.97769648629196,0.2397769648629196,0.0003357237581883244
58900.0,58.9,248.52999999999997,-24.620000000000005,23.650531085082665,0.23650531085082666,0.00033151602504534944
59000.0,59.0,248.24999999999997,-24.900000000000006,23.327468443295107,0.23327468443295107,0.0003273563745142331
59100.0,59.1,247.96999999999997,-25.180000000000007,23.008461651645632,0.23008461651645631,0.00032324431044980745
59200.0,59.2,247.68999999999997,-25.460000000000008,22.69346428515991,0.2269346428515991,0.0003191793412751649
59300.0,59.3,247.40999999999997,-25.74000000000001,22.382430398710902,0.223824303987109,0.00031516097994467986
59400.0,59.4,247.12999999999997,-26.02000000000001,22.075314522593406,0.22075314522593406,0.0003111887439072936
59500.0,59.5,246.84999999999997,-26.30000000000001,21.772071658134223,0.21772071658134223,0.00030726215507005374
59600.0,59.6,246.57,-26.579999999999984,21.472657273338054,0.21472657273338056,0.00030338073976190826
59700.0,59.7,246.28999999999996,-26.860000000000014,21.177027298568568,0.21177027298568568,0.0002995440286977516
59800.0,59.8,246.01,-27.139999999999986,20.885138122265253,0.20885138122265254,0.0002957515569427304
59900.0,59.9,245.73,-27.419999999999987,20.596946586694045,0.20596946586694045,0.0002920028638767859
60000.0,60.0,245.45,-27.69999999999999,20.31240998373372,0.2031240998373372,0.0002882974931594592
60100.0,60.1,245.17,-27.97999999999999,20.031486050696,0.20031486050695999,0.00028463499269493653
60200.0,60.2,244.89,-28.25999999999999,19.754132966180013,0.19754132966180013,0.0002810149145973415
60300.0,60.3,244.60999999999999,-28.539999999999992,19.480309345960826,0.19480309345960825,0.0002774368151562753
60400.0,60.4,244.32999999999998,-28.819999999999993,19.209974238911276,0.19209974238911276,0.00027390025480259503
60500.0,60.5,244.04999999999998,-29.099999999999994,18.943087122957607,0.18943087122957608,0.00027040479807443794
60600.0,60.6,243.76999999999998,-29.379999999999995,18.679607901068135,0.18679607901068135,0.000266950013583484
60700.0,60.7,243.48999999999998,-29.659999999999997,18.41949689727491,0.18419496897274912,0.0002635354739814587
60800.0,60.8,243.20999999999998,-29.939999999999998,18.162714852728087,0.18162714852728087,0.00026016075592687123
60900.0,60.9,242.92999999999998,-30.22,17.909222921782927,0.17909222921782927,0.0002568254400519921
61000.0,61.0,242.64999999999998,-30.5,17.658982668118814,0.17658982668118814,0.00025352911093006093
61100.0,61.1,242.36999999999998,-30.78,17.411956060890564,0.17411956060890563,0.0002502713570427315
61200.0,61.2,242.08999999999997,-31.060000000000002,17.16810547091144,0.17168105470911438,0.00024705177074774685
61300.0,61.3,241.80999999999997,-31.340000000000003,16.927393666867722,0.1692739366686772,0.00024386994824684462
61400.0,61.4,241.52999999999997,-31.620000000000005,16.68978381156472,0.1668978381156472,0.00024072548955389247
61500.0,61.5,241.24999999999997,-31.900000000000006,16.455239458203916,0.16455239458203916,0.00023761799846325148
61600.0,61.6,240.96999999999997,-32.18000000000001,16.223724546690875,0.16223724546690874,0.00023454708251836336
61700.0,61.7,240.68999999999997,-32.46000000000001,15.99520339997405,0.1599520339997405,0.00023151235298056572
61800.0,61.8,240.40999999999997,-32.74000000000001,15.76964072041396,0.1576964072041396,0.0002285134247981298
61900.0,61.9,240.12999999999997,-33.02000000000001,15.547001586182589,0.15547001586182588,0.00022554991657551968
62000.0,62.0,239.84999999999997,-33.30000000000001,15.32725144769298,0.1532725144769298,0.0002226214505428748
62100.0,62.1,239.57,-33.579999999999984,15.110356124058411,0.1511035612405841,0.00021972765252570891
62200.0,62.2,239.28999999999996,-33.860000000000014,14.896281799581283,0.14896281799581282,0.00021686815191482845
62300.0,62.3,239.01,-34.139999999999986,14.684995020271659,0.1468499502027166,0.00021404258163647188
62400.0,62.4,238.73,-34.41999999999999,14.476462690394413,0.14476462690394412,0.00021125057812265648
62500.0,62.5,238.45,-34.69999999999999,14.27065206904593,0.1427065206904593,0.00020849178128174776
62600.0,62.6,238.17,-34.97999999999999,14.06753076675928,0.14067530766759279,0.0002057658344692377
62700.0,62.7,237.89,-35.25999999999999,13.867066742137872,0.13867066742137873,0.00020307238445873408
62800.0,62.8,237.60999999999999,-35.53999999999999,13.669228298517666,0.13669228298517666,0.00020041108141316302
62900.0,62.9,237.32999999999998,-35.81999999999999,13.473984080657395,0.13473984080657395,0.00019778157885617887
63000.0,63.0,237.04999999999998,-36.099999999999994,13.281303071456723,0.13281303071456724,0.0001951835336437822
63100.0,63.1,236.76999999999998,-36.379999999999995,13.091154588702251,0.1309115458870225,0.00019261660593614607
63200.0,63.2,236.48999999999998,-36.66,12.903508281840836,0.12903508281840836,0.00019008045916964447
63300.0,63.3,236.20999999999998,-36.94,12.718334128780453,0.12718334128780454,0.00018757476002908785
63400.0,63.4,235.92999999999998,-37.22,12.535602432718068,0.12535602432718068,0.00018509917842016028
63500.0,63.5,235.64999999999998,-37.5,12.355283818994486,0.12355283818994486,0.0001826533874420585
63600.0,63.6,235.36999999999998,-37.78,12.177349231975887,0.12177349231975887,0.00018023706336033063
63700.0,63.7,235.08999999999997,-38.06,12.001769931962013,0.12001769931962013,0.000177849885579916
63800.0,63.8,234.80999999999997,-38.34,11.828517492120506,0.11828517492120506,0.00017549153661837997
63900.0,63.9,234.52999999999997,-38.620000000000005,11.65756379544758,0.1165756379544758,0.00017316170207934807
64000.0,64.0,234.24999999999997,-38.900000000000006,11.488881031754559,0.1148888103175456,0.00017086007062613428
64100.0,64.1,233.96999999999997,-39.18000000000001,11.322441694680176,0.11322441694680176,0.0001685863339555638
64200.0,64.2,233.68999999999997,-39.46000000000001,11.158218578728547,0.11158218578728547,0.00016634018677199016
64300.0,64.3,233.40999999999997,-39.74000000000001,10.996184776332353,0.10996184776332353,0.00016412132676150136
64400.0,64.4,233.12999999999997,-40.02000000000001,10.836313674941385,0.10836313674941385,0.0001619294545663197
64500.0,64.5,232.84999999999997,-40.30000000000001,10.678578954136038,0.10678578954136038,0.00015976427375938952
64600.0,64.6,232.57,-40.579999999999984,10.52295458276564,0.10522954582765641,0.00015762549081915392
64700.0,64.7,232.28999999999996,-40.860000000000014,10.369414816111346,0.10369414816111347,0.00015551281510451712
64800.0,64.8,232.01,-41.139999999999986,10.217934193073786,0.10217934193073785,0.00015342595882999725
64900.0,64.9,231.72999999999996,-41.420000000000016,10.068487533384458,0.10068487533384457,0.00015136463704105635
65000.0,65.0,231.45,-41.69999999999999,9.92104993484185,0.0992104993484185,0.00014932856758962274
65100.0,65.1,231.17,-41.97999999999999,9.775596770570912,0.09775596770570912,0.00014731747110978844
65200.0,65.2,230.89,-42.25999999999999,9.632103686306687,0.09632103686306687,0.0001453310709936931
65300.0,65.3,230.60999999999999,-42.53999999999999,9.490546597701325,0.09490546597701326,0.00014336909336758652
65400.0,65.4,230.32999999999998,-42.81999999999999,9.350901687654423,0.09350901687654423,0.00014143126706806872
65500.0,65.5,230.04999999999998,-43.099999999999994,9.213145403666715,0.09213145403666716,0.00013951732361851035
65600.0,65.6,229.76999999999998,-43.379999999999995,9.077254455216737,0.09077254455216738,0.00013762699720564893
65700.0,65.7,229.48999999999998,-43.66,8.94320581116034,0.0894320581116034,0.00013576002465636074
65800.0,65.8,229.20999999999998,-43.94,8.810976697152922,0.08810976697152922,0.0001339161454146077
65900.0,65.9,228.92999999999998,-44.22,8.680544593094218,0.08680544593094218,0.00013209510151855811
66000.0,66.0,228.64999999999998,-44.5,8.551887230595328,0.08551887230595329,0.00013029663757787864
66100.0,66.1,228.36999999999998,-44.78,8.424982590468048,0.08424982590468048,0.00012852050075119888
66200.0,66.2,228.08999999999997,-45.06,8.299808900236167,0.08299808900236166,0.00012676644072374594
66300.0,66.3,227.80999999999997,-45.34,8.176344631668611,0.08176344631668611,0.00012503420968514769
66400.0,66.4,227.52999999999997,-45.620000000000005,8.054568498334273,0.08054568498334273,0.00012332356230740463
66500.0,66.5,227.24999999999997,-45.900000000000006,7.934459453178417,0.07934459453178416,0.00012163425572302932
66600.0,66.6,226.96999999999997,-46.18000000000001,7.815996686120318,0.07815996686120318,0.00011996604950335008
66700.0,66.7,226.68999999999997,-46.46000000000001,7.699159621672219,0.07699159621672219,0.00011831870563698137
66800.0,66.8,226.40999999999997,-46.74000000000001,7.583927916579261,0.07583927916579261,0.00011669198850845737
66900.0,66.9,226.13,-47.01999999999998,7.4702814574803,0.074702814574803,0.00011508566487702823
67000.0,67.0,225.84999999999997,-47.30000000000001,7.358200358589424,0.07358200358589424,0.00011349950385561838
67100.0,67.1,225.57,-47.579999999999984,7.247664959398098,0.07247664959398098,0.00011193327688994608
67200.0,67.2,225.28999999999996,-47.860000000000014,7.138655822397521,0.0713865582239752,0.0001103867577378005
67300.0,67.3,225.01,-48.139999999999986,7.031153730821521,0.07031153730821521,0.00010885972244848142
67400.0,67.4,224.72999999999996,-48.420000000000016,6.925139686409198,0.06925139686409197,0.00010735194934239186
67500.0,67.5,224.45,-48.69999999999999,6.82059490718783,0.0682059490718783,0.00010586321899079213
67600.0,67.6,224.17,-48.97999999999999,6.717500825275287,0.06717500825275287,0.0001043933141957055
67700.0,67.7,223.89,-49.25999999999999,6.615839084702242,0.06615839084702242,0.00010294201996998104
67800.0,67.8,223.60999999999999,-49.53999999999999,6.5155915392537915,0.06515591539253791,0.000101509123517509
67900.0,67.9,223.32999999999998,-49.81999999999999,6.416740250330419,0.06416740250330419,0.0001000944142135894
68000.0,68.0,223.04999999999998,-50.099999999999994,6.319267484828121,0.06319267484828121,9.869768358545153e-05
68100.0,68.1,222.76999999999998,-50.379999999999995,6.2231557130376185,0.06223155713037618,9.731872529292556e-05
68200.0,68.2,222.48999999999998,-50.66,6.128387606562344,0.061283876065623445,9.59573351092618e-05
68300.0,68.3,222.20999999999998,-50.94,6.034946036255272,0.060349460362552725,9.461331090210041e-05
68400.0,68.4,221.92999999999998,-51.22,5.942814070174278,0.05942814070174278,9.328645261458813e-05
68500.0,68.5,221.64999999999998,-51.5,5.851974971555967,0.05851974971555966,9.197656224664193e-05
68600.0,68.6,221.36999999999998,-51.78,5.762412196807785,0.05762412196807785,9.068344383635832e-05
68700.0,68.7,221.08999999999997,-52.06,5.674109393518348,0.05674109393518348,8.940690344156839e-05
68800.0,68.8,220.80999999999997,-52.34,5.58705039848568,0.055870503984856795,8.8146749121535e-05
68900.0,68.9,220.52999999999997,-52.620000000000005,5.501219235763435,0.055012192357634354,8.690279091879492e-05
69000.0,69.0,220.24999999999997,-52.900000000000006,5.416600114724812,0.054166001147248115,8.567484084114186e-05
69100.0,69.1,219.96999999999997,-53.18000000000001,5.33317742814406,0.0533317742814406,8.446271284375092e-05
69200.0,69.2,219.68999999999997,-53.46000000000001,5.250935750295462,0.05250935750295462,8.326622281144322e-05
69300.0,69.3,219.40999999999997,-53.74000000000001,5.169859835069664,0.05169859835069664,8.208518854109024e-05
69400.0,69.4,219.13,-54.01999999999998,5.089934614107123,0.05089934614107123,8.091942972415545e-05
69500.0,69.5,218.84999999999997,-54.30000000000001,5.0111451949486465,0.05011145194948646,7.976876792937393e-05
69600.0,69.6,218.57,-54.579999999999984,4.933476859202936,0.049334768592029364,7.863302658556984e-05
69700.0,69.7,218.28999999999996,-54.860000000000014,4.8569150607306995,0.048569150607306995,7.751203096460622e-05
69800.0,69.8,218.01,-55.139999999999986,4.78144542384572,0.0478144542384572,7.640560816447417e-05
69900.0,69.9,217.72999999999996,-55.420000000000016,4.707053741532089,0.04707053741532089,7.53135870925104e-05
70000.0,70.0,217.45,-55.69999999999999,4.633725973678186,0.04633725973678186,7.423579844875313e-05
70100.0,70.1,217.17,-55.97999999999999,4.5614482453266145,0.045614482453266145,7.317207470942548e-05
70200.0,70.2,216.89,-56.25999999999999,4.4902068449404915,0.04490206844940491,7.212225011055344e-05
70300.0,70.3,216.60999999999999,-56.53999999999999,4.419988222685604,0.044199882226856044,7.108616063171198e-05
70400.0,70.4,216.32999999999998,-56.81999999999999,4.350778988728531,0.04350778988728531,7.006364397990202e-05
70500.0,70.5,216.04999999999998,-57.099999999999994,4.2825659115504155,0.04282565911550416,6.905453957355452e-05
70600.0,70.6,215.76999999999998,-57.379999999999995,4.215335916276453,0.04215335916276453,6.805868852666357e-05
70700.0,70.7,215.48999999999998,-57.66,4.149076083020833,0.04149076083020833,6.707593363304576e-05
70800.0,70.8,215.20999999999998,-57.94,4.083773645247052,0.04083773645247052,6.61061193507254e-05
70900.0,70.9,214.92999999999998,-58.22,4.0194159881435185,0.04019415988143518,6.51490917864456e-05
71000.0,71.0,214.64999999999998,-58.5,3.955990647014213,0.03955990647014213,6.420469868030247e-05
71100.0,71.1,214.45,-58.69999999999999,3.8934968707553526,0.03893496870755352,6.324937351847813e-05
71200.0,71.2,214.24999999999997,-58.900000000000006,3.831933391571754,0.03831933391571754,6.230739145371069e-05
71300.0,71.3,214.04999999999998,-59.099999999999994,3.7712872099294166,0.037712872099294165,6.137857831736822e-05
71400.0,71.4,213.84999999999997,-59.30000000000001,3.711545496056922,0.03711545496056922,6.0462762054774e-05
71500.0,71.5,213.64999999999998,-59.5,3.6526955878840415,0.03652695587884042,5.955977270148853e-05
71600.0,71.6,213.45,-59.69999999999999,3.5947249890033723,0.03594724989003372,5.8669442359834035e-05
71700.0,71.7,213.24999999999997,-59.900000000000006,3.5376213666550105,0.0353762136665501,5.7791605175663274e-05
71800.0,71.8,213.04999999999998,-60.099999999999994,3.481372549733825,0.03481372549733825,5.6926097315366963e-05
71900.0,71.9,212.84999999999997,-60.30000000000001,3.425966526819097,0.03425966526819097,5.607275694311776e-05
72000.0,72.0,212.64999999999998,-60.5,3.371391444226519,0.033713914442265194,5.523142419835198e-05
72100.0,72.1,212.45,-60.69999999999999,3.3176356040820036,0.03317635604082004,5.4401941173481906e-05
72200.0,72.2,212.24999999999997,-60.900000000000006,3.2646874624173026,0.032646874624173025,5.358415189183997e-05
72300.0,72.3,212.04999999999998,-61.099999999999994,3.2125356272872,0.032125356272872,5.2777902285852546e-05
72400.0,72.4,211.84999999999997,-61.30000000000001,3.161168856907871,0.03161168856907871,5.198304017543826e-05
72500.0,72.5,211.64999999999998,-61.5,3.1105760578164436,0.031105760578164436,5.1199415246632715e-05
72600.0,72.6,211.45,-61.69999999999999,3.0607462830512917,0.030607462830512917,5.0426879030433513e-05
72700.0,72.7,211.24999999999997,-61.900000000000006,3.011668730353076,0.03011668730353076,4.9665284881867296e-05
72800.0,72.8,211.04999999999998,-62.099999999999994,2.9633327403861625,0.029633327403861626,4.891448795927402e-05
72900.0,72.9,210.84999999999997,-62.30000000000001,2.915727794980184,0.02915727794980184,4.817434520380628e-05
73000.0,73.0,210.64999999999998,-62.5,2.8688435153917458,0.028688435153917457,4.7444715319144855e-05
73100.0,73.1,210.45,-62.69999999999999,2.8226696605857757,0.02822669660585776,4.672545875142388e-05
73200.0,73.2,210.24999999999997,-62.900000000000006,2.7771961255365225,0.027771961255365227,4.6016437669366956e-05
73300.0,73.3,210.04999999999998,-63.099999999999994,2.732412939547973,0.027324129395479728,4.5317515944631806e-05
73400.0,73.4,209.84999999999997,-63.30000000000001,2.6883102645933454,0.026883102645933455,4.462855913235934e-05
73500.0,73.5,209.64999999999998,-63.5,2.6448783936736384,0.026448783936736383,4.3949434451927866e-05
73600.0,73.6,209.45,-63.69999999999999,2.6021077491949187,0.026021077491949186,4.328001076790885e-05
73700.0,73.7,209.24999999999997,-63.900000000000006,2.559988881364193,0.02559988881364193,4.262015857122279e-05
73800.0,73.8,209.04999999999998,-64.1,2.5185124666036653,0.025185124666036653,4.196974996049331e-05
73900.0,73.9,208.84999999999997,-64.30000000000001,2.477669305983177,0.02477669305983177,4.1328658623597455e-05
74000.0,74.0,208.64999999999998,-64.5,2.4374503236706704,0.024374503236706705,4.0696759819410736e-05
74100.0,74.1,208.45,-64.69999999999999,2.39784656540039,0.0239784656540039,4.007393035974361e-05
74200.0,74.2,208.24999999999997,-64.9,2.358849196958797,0.02358849196958797,3.946004859147013e-05
74300.0,74.3,208.04999999999998,-65.1,2.320449502687872,0.023204495026878724,3.8854994378844644e-05
74400.0,74.4,207.84999999999997,-65.30000000000001,2.282638884005619,0.022826388840056187,3.8258649086004846e-05
74500.0,74.5,207.64999999999998,-65.5,2.245408857943752,0.02245408857943752,3.767089555966182e-05
74600.0,74.6,207.45,-65.69999999999999,2.2087510557021512,0.022087510557021513,3.709161811197165e-05
74700.0,74.7,207.24999999999997,-65.9,2.172657221220084,0.02172657221220084,3.652070250358966e-05
74800.0,74.8,207.04999999999998,-66.1,2.137119209763979,0.02137119209763979,3.595803592690492e-05
74900.0,74.9,206.84999999999997,-66.30000000000001,2.102128986531483,0.021021289865314832,3.5403506989451783e-05
75000.0,75.0,206.64999999999998,-66.5,2.067678625271764,0.02067678625271764,3.4857005697498844e-05
75100.0,75.1,206.45,-66.69999999999999,2.033760306921785,0.02033760306921785,3.4318423439812184e-05
75200.0,75.2,206.24999999999997,-66.9,2.000366318258434,0.020003663182584338,3.378765297159184e-05
75300.0,75.3,206.04999999999998,-67.1,1.967489050566316,0.01967489050566316,3.326458839857955e-05
75400.0,75.4,205.84999999999997,-67.30000000000001,1.9351209983210393,0.019351209983210393,3.274912516133608e-05
75500.0,75.5,205.64999999999998,-67.5,1.9032547578878682,0.01903254757887868,3.224116001968715e-05
75600.0,75.6,205.45,-67.69999999999999,1.8718830262354864,0.018718830262354866,3.174059103733464e-05
75700.0,75.7,205.24999999999997,-67.9,1.8409985996648421,0.01840998599664842,3.1247317566633954e-05
75800.0,75.8,205.04999999999998,-68.1,1.8105943725528089,0.01810594372552809,3.076124023353384e-05
75900.0,75.9,204.84999999999997,-68.30000000000001,1.780663336110499,0.017806633361104992,3.028226092267732e-05
76000.0,76.0,204.64999999999998,-68.5,1.7511985771561962,0.01751198577156196,2.981028276266401e-05
76100.0,76.1,204.45,-68.69999999999999,1.722193276902577,0.01722193276902577,2.93452101114695e-05
76200.0,76.2,204.24999999999997,-68.9,1.6936407097581905,0.016936407097581905,2.888694854202219e-05
76300.0,76.3,204.04999999999998,-69.1,1.6655342421430361,0.016655342421430363,2.8435404827936023e-05
76400.0,76.4,203.84999999999997,-69.30000000000001,1.6378673313179881,0.01637867331317988,2.7990486929395894e-05
76500.0,76.5,203.64999999999998,-69.5,1.6106335242280592,0.01610633524228059,2.755210397919658e-05
76600.0,76.6,203.45,-69.69999999999999,1.5838264563592117,0.01583826456359212,2.7120166268931333e-05
76700.0,76.7,203.24999999999997,-69.9,1.5574398506087035,0.015574398506087035,2.669458523533092e-05
76800.0,76.8,203.04999999999998,-70.1,1.5314675161687297,0.015314675161687297,2.6275273446749983e-05
76900.0,76.9,202.84999999999997,-70.30000000000001,1.5059033474232144,0.015059033474232144,2.586214458979941e-05
77000.0,77.0,202.64999999999998,-70.5,1.4807413228577149,0.014807413228577149,2.5455113456124828e-05
77100.0,77.1,202.45,-70.69999999999999,1.4559755039821445,0.014559755039821445,2.505409592932741e-05
77200.0,77.2,202.24999999999997,-70.9,1.4316000342662867,0.014316000342662867,2.465900897202736e-05
77300.0,77.3,202.04999999999998,-71.1,1.4076091380879512,0.014076091380879513,2.4269770613068533e-05
77400.0,77.4,201.84999999999997,-71.30000000000001,1.3839971196935525,0.013839971196935525,2.3886299934861417e-05
77500.0,77.5,201.64999999999998,-71.5,1.3607583621710795,0.013607583621710795,2.3508517060864827e-05
77600.0,77.6,201.45,-71.69999999999999,1.3378873264352538,0.013378873264352538,2.3136343143203827e-05
77700.0,77.7,201.24999999999997,-71.9,1.3153785502247695,0.013153785502247694,2.2769700350422985e-05
77800.0,77.8,201.04999999999998,-72.1,1.2932266471114766,0.012932266471114767,2.240851185537341e-05
77900.0,77.9,200.84999999999997,-72.30000000000001,1.271426305521375,0.01271426305521375,2.2052701823232368e-05
78000.0,78.0,200.64999999999998,-72.5,1.2499722877673085,0.012499722877673085,2.1702195399654285e-05
78100.0,78.1,200.45,-72.69999999999999,1.2288594290931765,0.012288594290931765,2.1356918699051092e-05
78200.0,78.2,200.24999999999997,-72.9,1.208082636729624,0.01208082636729624,2.1016798793001938e-05
78300.0,78.3,200.04999999999998,-73.1,1.1876368889610125,0.011876368889610125,2.0681763698789857e-05
78400.0,78.4,199.84999999999997,-73.30000000000001,1.1675172342035458,0.011675172342035458,2.035174236806408e-05
78500.0,78.5,199.64999999999998,-73.5,1.147718790094512,0.01147718790094512,2.002666467562813e-05
78600.0,78.6,199.45,-73.69999999999999,1.1282367425924014,0.011282367425924013,1.9706461408350432e-05
78700.0,78.7,199.24999999999997,-73.9,1.1090663450878637,0.011090663450878637,1.939106425419769e-05
78800.0,78.8,199.04999999999998,-74.1,1.0902029175253813,0.010902029175253814,1.9080405791389633e-05
78900.0,78.9,198.84999999999997,-74.30000000000001,1.0716418455354737,0.010716418455354737,1.8774419477672873e-05
79000.0,79.0,198.64999999999998,-74.5,1.053378579577408,0.01053378579577408,1.8473039639714177e-05
79100.0,79.1,198.45,-74.69999999999999,1.0354086340922088,0.010354086340922088,1.8176201462610422e-05
79200.0,79.2,198.24999999999997,-74.9,1.0177275866659417,0.010177275866659417,1.7883840979515577e-05
79300.0,79.3,198.04999999999998,-75.1,1.0003310772030913,0.010003310772030913,1.7595895061382382e-05
79400.0,79.4,197.84999999999997,-75.30000000000001,0.9832148071099256,0.009832148071099256,1.7312301406817693e-05
79500.0,79.5,197.64999999999998,-75.5,0.9663745384877998,0.009663745384877997,1.7032998532051375e-05
79600.0,79.6,197.45,-75.69999999999999,0.949806093336195,0.009498060933361951,1.675792576101601e-05
79700.0,79.7,197.24999999999997,-75.9,0.9335053527654529,0.009335053527654529,1.6487023215537504e-05
79800.0,79.8,197.04999999999998,-76.1,0.9174682562190902,0.009174682562190901,1.6220231805635302e-05
79900.0,79.9,196.84999999999997,-76.30000000000001,0.9016908007055396,0.009016908007055397,1.5957493219930324e-05
80000.0,80.0,196.64999999999998,-76.5,0.8861690400392699,0.008861690400392698,1.5698749916160485e-05
80100.0,80.1,196.45,-76.69999999999999,0.8708990840911456,0.008708990840911457,1.5443945111802172e-05
80200.0,80.2,196.24999999999997,-76.9,0.8558770980479342,0.008558770980479342,1.5193022774796717e-05
80300.0,80.3,196.04999999999998,-77.1,0.8410993016808556,0.008410993016808555,1.4945927614380809e-05
80400.0,80.4,195.84999999999997,-77.30000000000001,0.8265619686230717,0.008265619686230718,1.4702605072019743e-05
80500.0,80.5,195.64999999999998,-77.5,0.8122614256560291,0.00812261425656029,1.446300131244267e-05
80600.0,80.6,195.45,-77.69999999999999,0.798194052004516,0.00798194052004516,1.4227063214778182e-05
80700.0,80.7,195.24999999999997,-77.9,0.7843562786403971,0.007843562786403972,1.3994738363790204e-05
80800.0,80.8,195.04999999999998,-78.1,0.7707445875948784,0.007707445875948784,1.3765975041212322e-05
80900.0,80.9,194.84999999999997,-78.30000000000001,0.7573555112792064,0.007573555112792064,1.354072221717958e-05
81000.0,81.0,194.64999999999998,-78.5,0.7441856318137611,0.007441856318137611,1.3318929541757626e-05
81100.0,81.1,194.45,-78.69999999999999,0.7312315803653701,0.007312315803653701,1.3100547336566915e-05
81200.0,81.2,194.24999999999997,-78.9,0.7184900364928068,0.007184900364928069,1.2885526586501921e-05
81300.0,81.3,194.04999999999998,-79.1,0.7059577275003768,0.007059577275003768,1.2673818931544341e-05
81400.0,81.4,193.84999999999997,-79.30000000000001,0.6936314277994573,0.006936314277994573,1.2465376658668575e-05
81500.0,81.5,193.64999999999998,-79.5,0.6815079582779534,0.006815079582779534,1.2260152693839424e-05
81600.0,81.6,193.45,-79.69999999999999,0.6695841856775475,0.006695841856775475,1.205810059410054e-05
81700.0,81.7,193.24999999999997,-79.9,0.6578570219786654,0.006578570219786654,1.1859174539752808e-05
81800.0,81.8,193.04999999999998,-80.1,0.6463234237930673,0.0064632342379306726,1.1663329326621746e-05
81900.0,81.9,192.84999999999997,-80.30000000000001,0.6349803917639801,0.006349803917639801,1.147052035841299e-05
82000.0,82.0,192.64999999999998,-80.5,0.6238249699736886,0.006238249699736886,1.1280703639155055e-05
82100.0,82.1,192.45,-80.69999999999999,0.612854245358478,0.00612854245358478,1.109383576572805e-05
82200.0,82.2,192.24999999999997,-80.9,0.6020653471308846,0.006020653471308845,1.0909873920478181e-05
82300.0,82.3,192.04999999999998,-81.1,0.5914554462091365,0.005914554462091365,1.0728775863916523e-05
82400.0,82.4,191.84999999999997,-81.30000000000001,0.5810217546537015,0.005810217546537016,1.0550499927501196e-05
82500.0,82.5,191.64999999999998,-81.5,0.5707615251109014,0.005707615251109014,1.0375005006502792e-05
82600.0,82.6,191.45,-81.69999999999999,0.5606720502634531,0.005606720502634531,1.0202250552951118e-05
82700.0,82.7,191.24999999999997,-81.9,0.5507506622879006,0.005507506622879006,1.003219656866321e-05
82800.0,82.8,191.04999999999998,-82.1,0.5409947323188535,0.005409947323188535,9.86480359835168e-06
82900.0,82.9,190.84999999999997,-82.30000000000001,0.5314016699199227,0.005314016699199227,9.700032722811945e-06
83000.0,83.0,190.64999999999998,-82.5,0.5219689225613222,0.005219689225613222,9.537845552188432e-06
83100.0,83.1,190.45,-82.69999999999999,0.5126939751040137,0.005126939751040137,9.378204219317996e-06
83200.0,83.2,190.24999999999997,-82.9,0.5035743492903616,0.005035743492903616,9.221071373150578e-06
83300.0,83.3,190.04999999999998,-83.1,0.4946076032411947,0.004946076032411947,9.066410172245758e-06
83400.0,83.4,189.84999999999997,-83.30000000000001,0.48579133095919697,0.004857913309591969,8.914184278344354e-06
83500.0,83.5,189.64999999999998,-83.5,0.477123161838592,0.00477123161838592,8.764357850014914e-06
83600.0,83.6,189.45,-83.69999999999999,0.46860076018099567,0.004686007601809957,8.616895536373444e-06
83700.0,83.7,189.24999999999997,-83.9,0.4602218247174036,0.0046022182471740355,8.471762470876198e-06
83800.0,83.8,189.04999999999998,-84.1,0.4519840881362385,0.004519840881362386,8.328924265184752e-06
83900.0,83.9,188.84999999999997,-84.30000000000001,0.4438853166173601,0.0044388531661736005,8.188347003102093e-06
84000.0,84.0,188.64999999999998,-84.5,0.43592330937200174,0.0043592330937200175,8.049997234579579e-06
84100.0,84.1,188.45,-84.69999999999999,0.42809589818854415,0.0042809589818854415,7.913841969793626e-06
84200.0,84.2,188.24999999999997,-84.9,0.4204009469840653,0.004204009469840653,7.77984867329156e-06
84300.0,84.3,188.04999999999998,-85.1,0.4128363513615966,0.004128363513615966,7.64798525820578e-06
84400.0,84.4,187.84999999999997,-85.30000000000001,0.40540003817302,0.0040540003817302,7.518220080535634e-06
84500.0,84.5,187.64999999999998,-85.5,0.39808996508754496,0.0039808996508754494,7.39052193349625e-06
84600.0,84.6,187.45,-85.69999999999999,0.39090412016568077,0.003909041201656808,7.26486004193337e-06
84700.0,84.7,187.24999999999997,-85.9,0.3838405214386717,0.003838405214386717,7.141204056804006e-06
84800.0,84.8,187.04999999999998,-86.1,0.3768972164933038,0.0037689721649330384,7.019524049721726e-06
84900.0,84.9,186.84999999999997,-86.30000000000001,0.3700722820620222,0.003700722820620222,6.899790507565932e-06
85000.0,85.0,186.64999999999998,-86.5,0.363363823618323,0.00363363823618323,6.781974327154923e-06
85100.0,85.1,186.45,-86.69999999999999,0.35676997497731905,0.0035676997497731903,6.666046809981341e-06
85200.0,85.2,186.24999999999997,-86.9,0.3502888979014457,0.0035028889790144568,6.551979657009842e-06
85300.0,85.3,186.04999999999998,-87.1,0.3439187817112454,0.003439187817112454,6.439744963536312e-06
85400.0,85.4,185.84999999999997,-87.30000000000001,0.3376578429011485,0.0033765784290114846,6.329315214107541e-06
85500.0,85.5,185.64999999999998,-87.5,0.33150432476022196,0.0033150432476022197,6.220663277501284e-06
85600.0,85.6,185.45,-87.69999999999999,0.3254564969977974,0.003254564969977974,6.113762401765496e-06
85700.0,85.7,185.24999999999997,-87.9,0.3195126553739479,0.003195126553739479,6.008586209316615e-06
85800.0,85.8,185.04999999999998,-88.1,0.31367112133473846,0.0031367112133473844,5.905108692095928e-06
85900.0,85.9,184.84999999999997,-88.30000000000001,0.30793024165219013,0.003079302416521901,5.803304206783332e-06
86000.0,86.0,184.64999999999998,-88.5,0.3022883880689265,0.003022883880689265,5.703147470068321e-06
